frame,rmsd,matched_atoms,has_clashes,num_clashes,success,output,error
frame_0.pdb,3.632559910795017e-15,33,False,0,True,aligned_frames/aligned_frame_0.pdb,
frame_100.pdb,2.33251192026669,33,False,0,True,aligned_frames/aligned_frame_100.pdb,
frame_1000.pdb,37.57521919456656,33,False,0,True,aligned_frames/aligned_frame_1000.pdb,
frame_1004.pdb,3.3271414923156564,33,False,0,True,aligned_frames/aligned_frame_1004.pdb,
frame_1008.pdb,3.3271414923156564,33,False,0,True,aligned_frames/aligned_frame_1008.pdb,
frame_1012.pdb,2.7165051233120607,33,False,0,True,aligned_frames/aligned_frame_1012.pdb,
frame_1016.pdb,2.7165051233120607,33,False,0,True,aligned_frames/aligned_frame_1016.pdb,
frame_1020.pdb,2.8782368079835905,33,False,0,True,aligned_frames/aligned_frame_1020.pdb,
frame_1024.pdb,2.6713824168365337,33,False,0,True,aligned_frames/aligned_frame_1024.pdb,
frame_1028.pdb,2.9715997566495584,33,False,0,True,aligned_frames/aligned_frame_1028.pdb,
frame_1032.pdb,2.542040696921491,33,False,0,True,aligned_frames/aligned_frame_1032.pdb,
frame_1036.pdb,2.0826959064915203,33,False,0,True,aligned_frames/aligned_frame_1036.pdb,
frame_104.pdb,2.871331417726358,33,False,0,True,aligned_frames/aligned_frame_104.pdb,
frame_1040.pdb,2.0826959064915203,33,False,0,True,aligned_frames/aligned_frame_1040.pdb,
frame_1044.pdb,2.232126038442389,33,False,0,True,aligned_frames/aligned_frame_1044.pdb,
frame_1048.pdb,1.3211557064638706,33,False,0,True,aligned_frames/aligned_frame_1048.pdb,
frame_1052.pdb,1.417460722753862,33,False,0,True,aligned_frames/aligned_frame_1052.pdb,
frame_1056.pdb,1.417460722753862,33,False,0,True,aligned_frames/aligned_frame_1056.pdb,
frame_1060.pdb,1.3368843105023234,33,False,0,True,aligned_frames/aligned_frame_1060.pdb,
frame_1064.pdb,1.3368843105023234,33,False,0,True,aligned_frames/aligned_frame_1064.pdb,
frame_1068.pdb,2.274325280316664,33,False,0,True,aligned_frames/aligned_frame_1068.pdb,
frame_1072.pdb,2.732567903066206,33,False,0,True,aligned_frames/aligned_frame_1072.pdb,
frame_1076.pdb,3.1669882150741957,33,False,0,True,aligned_frames/aligned_frame_1076.pdb,
frame_108.pdb,3.0372768263429846,33,False,0,True,aligned_frames/aligned_frame_108.pdb,
frame_1080.pdb,3.229981349132781,33,False,0,True,aligned_frames/aligned_frame_1080.pdb,
frame_1084.pdb,2.947789984400867,33,False,0,True,aligned_frames/aligned_frame_1084.pdb,
frame_1088.pdb,2.947789984400867,33,False,0,True,aligned_frames/aligned_frame_1088.pdb,
frame_1092.pdb,1.5484453282347876,33,False,0,True,aligned_frames/aligned_frame_1092.pdb,
frame_1096.pdb,1.455806566914619,33,False,0,True,aligned_frames/aligned_frame_1096.pdb,
frame_1100.pdb,3.6160045386656394,33,False,0,True,aligned_frames/aligned_frame_1100.pdb,
frame_1104.pdb,1.9683723539327556,33,False,0,True,aligned_frames/aligned_frame_1104.pdb,
frame_1108.pdb,2.377582356679517,33,False,0,True,aligned_frames/aligned_frame_1108.pdb,
frame_1112.pdb,2.377582356679517,33,False,0,True,aligned_frames/aligned_frame_1112.pdb,
frame_1116.pdb,2.615791021665347,33,False,0,True,aligned_frames/aligned_frame_1116.pdb,
frame_112.pdb,2.1053465391842896,33,False,0,True,aligned_frames/aligned_frame_112.pdb,
frame_1120.pdb,2.615791021665347,33,False,0,True,aligned_frames/aligned_frame_1120.pdb,
frame_1124.pdb,2.7502208863707116,33,False,0,True,aligned_frames/aligned_frame_1124.pdb,
frame_1128.pdb,2.7502208863707116,33,False,0,True,aligned_frames/aligned_frame_1128.pdb,
frame_1132.pdb,2.8502556544458217,33,False,0,True,aligned_frames/aligned_frame_1132.pdb,
frame_1136.pdb,2.8502556544458217,33,False,0,True,aligned_frames/aligned_frame_1136.pdb,
frame_1140.pdb,3.1201940420889476,33,False,0,True,aligned_frames/aligned_frame_1140.pdb,
frame_1144.pdb,2.685611532098582,33,False,0,True,aligned_frames/aligned_frame_1144.pdb,
frame_1148.pdb,2.1638797041483393,33,False,0,True,aligned_frames/aligned_frame_1148.pdb,
frame_1152.pdb,2.1638797041483393,33,False,0,True,aligned_frames/aligned_frame_1152.pdb,
frame_1156.pdb,2.105685480130941,33,False,0,True,aligned_frames/aligned_frame_1156.pdb,
frame_116.pdb,2.585489692731094,33,False,0,True,aligned_frames/aligned_frame_116.pdb,
frame_1160.pdb,2.105685480130941,33,False,0,True,aligned_frames/aligned_frame_1160.pdb,
frame_1164.pdb,2.349541299906007,33,False,0,True,aligned_frames/aligned_frame_1164.pdb,
frame_1168.pdb,2.1818217963214206,33,False,0,True,aligned_frames/aligned_frame_1168.pdb,
frame_1172.pdb,2.2701500916767485,33,False,0,True,aligned_frames/aligned_frame_1172.pdb,
frame_1176.pdb,1.6578044071509532,33,False,0,True,aligned_frames/aligned_frame_1176.pdb,
frame_1180.pdb,1.479252242514911,33,False,0,True,aligned_frames/aligned_frame_1180.pdb,
frame_1184.pdb,1.536261221845897,33,False,0,True,aligned_frames/aligned_frame_1184.pdb,
frame_1188.pdb,1.7031941729548006,33,False,0,True,aligned_frames/aligned_frame_1188.pdb,
frame_1192.pdb,1.7205965958290865,33,False,0,True,aligned_frames/aligned_frame_1192.pdb,
frame_1196.pdb,1.813408453226467,33,False,0,True,aligned_frames/aligned_frame_1196.pdb,
frame_12.pdb,4.212778313023448,33,False,0,True,aligned_frames/aligned_frame_12.pdb,
frame_120.pdb,2.60309739902499,33,False,0,True,aligned_frames/aligned_frame_120.pdb,
frame_1200.pdb,2.479935727160656,33,False,0,True,aligned_frames/aligned_frame_1200.pdb,
frame_1204.pdb,2.265185526399528,33,False,0,True,aligned_frames/aligned_frame_1204.pdb,
frame_1208.pdb,3.1723391568349117,33,False,0,True,aligned_frames/aligned_frame_1208.pdb,
frame_1212.pdb,1.4073888101659529,33,False,0,True,aligned_frames/aligned_frame_1212.pdb,
frame_1216.pdb,1.1526575196264675,33,False,0,True,aligned_frames/aligned_frame_1216.pdb,
frame_1220.pdb,2.0030756247755623,33,False,0,True,aligned_frames/aligned_frame_1220.pdb,
frame_1224.pdb,3.595468635933883,33,False,0,True,aligned_frames/aligned_frame_1224.pdb,
frame_1228.pdb,3.1268384205397335,33,False,0,True,aligned_frames/aligned_frame_1228.pdb,
frame_1232.pdb,1.8611901640496233,33,False,0,True,aligned_frames/aligned_frame_1232.pdb,
frame_1236.pdb,2.8241600769385364,33,False,0,True,aligned_frames/aligned_frame_1236.pdb,
frame_124.pdb,2.766393739925608,33,False,0,True,aligned_frames/aligned_frame_124.pdb,
frame_1240.pdb,1.4550396641338683,33,False,0,True,aligned_frames/aligned_frame_1240.pdb,
frame_1244.pdb,1.9251573537437772,33,False,0,True,aligned_frames/aligned_frame_1244.pdb,
frame_1248.pdb,2.3099447651911356,33,False,0,True,aligned_frames/aligned_frame_1248.pdb,
frame_1252.pdb,2.3984678481383708,33,False,0,True,aligned_frames/aligned_frame_1252.pdb,
frame_1256.pdb,2.3984678481383708,33,False,0,True,aligned_frames/aligned_frame_1256.pdb,
frame_1260.pdb,4.089123818049443,33,False,0,True,aligned_frames/aligned_frame_1260.pdb,
frame_1264.pdb,4.089123818049443,33,False,0,True,aligned_frames/aligned_frame_1264.pdb,
frame_1268.pdb,2.76990111140861,33,False,0,True,aligned_frames/aligned_frame_1268.pdb,
frame_1272.pdb,3.7328336661814476,33,False,0,True,aligned_frames/aligned_frame_1272.pdb,
frame_1276.pdb,2.0957640086528375,33,False,0,True,aligned_frames/aligned_frame_1276.pdb,
frame_128.pdb,2.5954741443472105,33,False,0,True,aligned_frames/aligned_frame_128.pdb,
frame_1280.pdb,2.004298594417111,33,False,0,True,aligned_frames/aligned_frame_1280.pdb,
frame_1284.pdb,2.2243852953556686,33,False,0,True,aligned_frames/aligned_frame_1284.pdb,
frame_1288.pdb,1.328995166705817,33,False,0,True,aligned_frames/aligned_frame_1288.pdb,
frame_1292.pdb,1.3360387444177033,33,False,0,True,aligned_frames/aligned_frame_1292.pdb,
frame_1296.pdb,1.3360387444177033,33,False,0,True,aligned_frames/aligned_frame_1296.pdb,
frame_1300.pdb,2.5925170246818374,33,False,0,True,aligned_frames/aligned_frame_1300.pdb,
frame_1304.pdb,2.5925170246818374,33,False,0,True,aligned_frames/aligned_frame_1304.pdb,
frame_1308.pdb,2.3919815366151127,33,False,0,True,aligned_frames/aligned_frame_1308.pdb,
frame_1312.pdb,2.7822571027194587,33,False,0,True,aligned_frames/aligned_frame_1312.pdb,
frame_1316.pdb,2.0681857949338123,33,False,0,True,aligned_frames/aligned_frame_1316.pdb,
frame_132.pdb,2.9911852980017053,33,False,0,True,aligned_frames/aligned_frame_132.pdb,
frame_1320.pdb,1.4546581993997019,33,False,0,True,aligned_frames/aligned_frame_1320.pdb,
frame_1324.pdb,2.107946881336842,33,False,0,True,aligned_frames/aligned_frame_1324.pdb,
frame_1328.pdb,3.0064858036430633,33,False,0,True,aligned_frames/aligned_frame_1328.pdb,
frame_1332.pdb,2.6423792345242885,33,False,0,True,aligned_frames/aligned_frame_1332.pdb,
frame_1336.pdb,2.6982774619791505,33,False,0,True,aligned_frames/aligned_frame_1336.pdb,
frame_1340.pdb,3.019043512162335,33,False,0,True,aligned_frames/aligned_frame_1340.pdb,
frame_1344.pdb,2.8506698444282064,33,False,0,True,aligned_frames/aligned_frame_1344.pdb,
frame_1348.pdb,2.9111896661507335,33,False,0,True,aligned_frames/aligned_frame_1348.pdb,
frame_1352.pdb,2.9111896661507335,33,False,0,True,aligned_frames/aligned_frame_1352.pdb,
frame_1356.pdb,2.2887965684992664,33,False,0,True,aligned_frames/aligned_frame_1356.pdb,
frame_136.pdb,3.3656782775741347,33,False,0,True,aligned_frames/aligned_frame_136.pdb,
frame_1360.pdb,3.0923167781919765,33,False,0,True,aligned_frames/aligned_frame_1360.pdb,
frame_1364.pdb,1.1618688241284785,33,False,0,True,aligned_frames/aligned_frame_1364.pdb,
frame_1368.pdb,1.9741332902869009,33,False,0,True,aligned_frames/aligned_frame_1368.pdb,
frame_1372.pdb,1.7530195671559077,33,False,0,True,aligned_frames/aligned_frame_1372.pdb,
frame_1376.pdb,1.7530195671559077,33,False,0,True,aligned_frames/aligned_frame_1376.pdb,
frame_1380.pdb,2.0800832670452314,33,False,0,True,aligned_frames/aligned_frame_1380.pdb,
frame_1384.pdb,2.0800832670452314,33,False,0,True,aligned_frames/aligned_frame_1384.pdb,
frame_1388.pdb,2.0670623383504574,33,False,0,True,aligned_frames/aligned_frame_1388.pdb,
frame_1392.pdb,2.1182144734868307,33,False,0,True,aligned_frames/aligned_frame_1392.pdb,
frame_1396.pdb,2.7417585215688307,33,False,0,True,aligned_frames/aligned_frame_1396.pdb,
frame_140.pdb,3.7556968021364625,33,False,0,True,aligned_frames/aligned_frame_140.pdb,
frame_1400.pdb,3.1480857266742674,33,False,0,True,aligned_frames/aligned_frame_1400.pdb,
frame_1404.pdb,2.972823753922774,33,False,0,True,aligned_frames/aligned_frame_1404.pdb,
frame_1408.pdb,2.5785259435801753,33,False,0,True,aligned_frames/aligned_frame_1408.pdb,
frame_1412.pdb,2.33741285610677,33,False,0,True,aligned_frames/aligned_frame_1412.pdb,
frame_1416.pdb,2.0701857582594676,33,False,0,True,aligned_frames/aligned_frame_1416.pdb,
frame_1420.pdb,2.054167272624835,33,False,0,True,aligned_frames/aligned_frame_1420.pdb,
frame_1424.pdb,1.8533171684230312,33,False,0,True,aligned_frames/aligned_frame_1424.pdb,
frame_1428.pdb,1.237623597057736,33,False,0,True,aligned_frames/aligned_frame_1428.pdb,
frame_1432.pdb,1.237623597057736,33,False,0,True,aligned_frames/aligned_frame_1432.pdb,
frame_1436.pdb,1.188963278809489,33,False,0,True,aligned_frames/aligned_frame_1436.pdb,
frame_144.pdb,2.9793596440013412,33,False,0,True,aligned_frames/aligned_frame_144.pdb,
frame_1440.pdb,1.1967080402686112,33,False,0,True,aligned_frames/aligned_frame_1440.pdb,
frame_1444.pdb,1.1862139523357147,33,False,0,True,aligned_frames/aligned_frame_1444.pdb,
frame_1448.pdb,3.338568873573094,33,False,0,True,aligned_frames/aligned_frame_1448.pdb,
frame_1452.pdb,2.7383943710670424,33,False,0,True,aligned_frames/aligned_frame_1452.pdb,
frame_1456.pdb,2.452869984292199,33,False,0,True,aligned_frames/aligned_frame_1456.pdb,
frame_1460.pdb,1.9764436580828795,33,False,0,True,aligned_frames/aligned_frame_1460.pdb,
frame_1468.pdb,47.1834361228383,33,False,0,True,aligned_frames/aligned_frame_1468.pdb,
frame_1472.pdb,2.1157204087042745,33,False,0,True,aligned_frames/aligned_frame_1472.pdb,
frame_1476.pdb,2.1157204087042745,33,False,0,True,aligned_frames/aligned_frame_1476.pdb,
frame_148.pdb,2.043585692743679,33,False,0,True,aligned_frames/aligned_frame_148.pdb,
frame_1480.pdb,3.1952809246982237,33,False,0,True,aligned_frames/aligned_frame_1480.pdb,
frame_1484.pdb,3.1952809246982237,33,False,0,True,aligned_frames/aligned_frame_1484.pdb,
frame_1488.pdb,3.254157688476877,33,False,0,True,aligned_frames/aligned_frame_1488.pdb,
frame_1492.pdb,0.8342984805344208,33,False,0,True,aligned_frames/aligned_frame_1492.pdb,
frame_1496.pdb,1.644312360236963,33,False,0,True,aligned_frames/aligned_frame_1496.pdb,
frame_1500.pdb,1.4123269913086114,33,False,0,True,aligned_frames/aligned_frame_1500.pdb,
frame_1504.pdb,2.2728306272724823,33,False,0,True,aligned_frames/aligned_frame_1504.pdb,
frame_1508.pdb,2.4943127540905317,33,False,0,True,aligned_frames/aligned_frame_1508.pdb,
frame_1512.pdb,1.0040663657868512,33,False,0,True,aligned_frames/aligned_frame_1512.pdb,
frame_1516.pdb,2.195666128047014,33,False,0,True,aligned_frames/aligned_frame_1516.pdb,
frame_152.pdb,1.7885611652450548,33,False,0,True,aligned_frames/aligned_frame_152.pdb,
frame_1520.pdb,2.346371966634671,33,False,0,True,aligned_frames/aligned_frame_1520.pdb,
frame_1524.pdb,2.1853177120286302,33,False,0,True,aligned_frames/aligned_frame_1524.pdb,
frame_1528.pdb,2.064272748647445,33,False,0,True,aligned_frames/aligned_frame_1528.pdb,
frame_1532.pdb,1.876726742406259,33,False,0,True,aligned_frames/aligned_frame_1532.pdb,
frame_1536.pdb,2.903955435056742,33,False,0,True,aligned_frames/aligned_frame_1536.pdb,
frame_1540.pdb,1.4768841469193879,33,False,0,True,aligned_frames/aligned_frame_1540.pdb,
frame_1544.pdb,1.2267278114650666,33,False,0,True,aligned_frames/aligned_frame_1544.pdb,
frame_1548.pdb,2.2153021018582733,33,False,0,True,aligned_frames/aligned_frame_1548.pdb,
frame_1552.pdb,1.585633634452884,33,False,0,True,aligned_frames/aligned_frame_1552.pdb,
frame_1556.pdb,1.7351700637875225,33,False,0,True,aligned_frames/aligned_frame_1556.pdb,
frame_156.pdb,2.1108736758589135,33,False,0,True,aligned_frames/aligned_frame_156.pdb,
frame_1560.pdb,1.6448959900468592,33,False,0,True,aligned_frames/aligned_frame_1560.pdb,
frame_1564.pdb,2.364728197842766,33,False,0,True,aligned_frames/aligned_frame_1564.pdb,
frame_1568.pdb,2.4892630796642186,33,False,0,True,aligned_frames/aligned_frame_1568.pdb,
frame_1572.pdb,1.456120614928777,33,False,0,True,aligned_frames/aligned_frame_1572.pdb,
frame_1576.pdb,1.6655586168563545,33,False,0,True,aligned_frames/aligned_frame_1576.pdb,
frame_1580.pdb,2.4886958184234387,33,False,0,True,aligned_frames/aligned_frame_1580.pdb,
frame_1584.pdb,2.44305196612324,33,False,0,True,aligned_frames/aligned_frame_1584.pdb,
frame_1588.pdb,1.6299877924190962,33,False,0,True,aligned_frames/aligned_frame_1588.pdb,
frame_1592.pdb,2.09979325607361,33,False,0,True,aligned_frames/aligned_frame_1592.pdb,
frame_1596.pdb,2.3973359703712975,33,False,0,True,aligned_frames/aligned_frame_1596.pdb,
frame_16.pdb,3.1993434573319943,33,False,0,True,aligned_frames/aligned_frame_16.pdb,
frame_160.pdb,2.1108736758589135,33,False,0,True,aligned_frames/aligned_frame_160.pdb,
frame_1600.pdb,2.5704455103685415,33,False,0,True,aligned_frames/aligned_frame_1600.pdb,
frame_1604.pdb,2.3071136961832734,33,False,0,True,aligned_frames/aligned_frame_1604.pdb,
frame_1608.pdb,2.654279367180452,33,False,0,True,aligned_frames/aligned_frame_1608.pdb,
frame_1612.pdb,2.1019910630648404,33,False,0,True,aligned_frames/aligned_frame_1612.pdb,
frame_1616.pdb,2.4318830233279862,33,False,0,True,aligned_frames/aligned_frame_1616.pdb,
frame_1620.pdb,2.937888233489125,33,False,0,True,aligned_frames/aligned_frame_1620.pdb,
frame_1624.pdb,1.8415271087002594,33,False,0,True,aligned_frames/aligned_frame_1624.pdb,
frame_1628.pdb,2.9344456356313913,33,False,0,True,aligned_frames/aligned_frame_1628.pdb,
frame_1632.pdb,2.686117553957482,33,False,0,True,aligned_frames/aligned_frame_1632.pdb,
frame_1636.pdb,2.717612599593655,33,False,0,True,aligned_frames/aligned_frame_1636.pdb,
frame_164.pdb,1.6970677413318596,33,False,0,True,aligned_frames/aligned_frame_164.pdb,
frame_1640.pdb,2.1734704279542676,33,False,0,True,aligned_frames/aligned_frame_1640.pdb,
frame_1644.pdb,2.4926428239755993,33,False,0,True,aligned_frames/aligned_frame_1644.pdb,
frame_1648.pdb,2.1554193999102167,33,False,0,True,aligned_frames/aligned_frame_1648.pdb,
frame_1652.pdb,3.1143395792061797,33,False,0,True,aligned_frames/aligned_frame_1652.pdb,
frame_1656.pdb,2.1110468837587835,33,False,0,True,aligned_frames/aligned_frame_1656.pdb,
frame_1660.pdb,1.5945876764534084,33,False,0,True,aligned_frames/aligned_frame_1660.pdb,
frame_1664.pdb,2.552356989531471,33,False,0,True,aligned_frames/aligned_frame_1664.pdb,
frame_1668.pdb,2.08599615729687,33,False,0,True,aligned_frames/aligned_frame_1668.pdb,
frame_1672.pdb,2.496651239836676,33,False,0,True,aligned_frames/aligned_frame_1672.pdb,
frame_1676.pdb,2.1074891919214003,33,False,0,True,aligned_frames/aligned_frame_1676.pdb,
frame_168.pdb,1.5546683652462192,33,False,0,True,aligned_frames/aligned_frame_168.pdb,
frame_1680.pdb,3.2035868149161595,33,False,0,True,aligned_frames/aligned_frame_1680.pdb,
frame_1684.pdb,1.97301222892559,33,False,0,True,aligned_frames/aligned_frame_1684.pdb,
frame_1688.pdb,1.9855832235313904,33,False,0,True,aligned_frames/aligned_frame_1688.pdb,
frame_1692.pdb,2.154589937024752,33,False,0,True,aligned_frames/aligned_frame_1692.pdb,
frame_1696.pdb,1.6608165278548004,33,False,0,True,aligned_frames/aligned_frame_1696.pdb,
frame_1700.pdb,2.4659812440679363,33,False,0,True,aligned_frames/aligned_frame_1700.pdb,
frame_1704.pdb,3.4262233580581167,33,False,0,True,aligned_frames/aligned_frame_1704.pdb,
frame_1708.pdb,2.7465646985969387,33,False,0,True,aligned_frames/aligned_frame_1708.pdb,
frame_1712.pdb,2.3722372035340915,33,False,0,True,aligned_frames/aligned_frame_1712.pdb,
frame_1716.pdb,2.638794839599236,33,False,0,True,aligned_frames/aligned_frame_1716.pdb,
frame_172.pdb,2.828728257957978,33,False,0,True,aligned_frames/aligned_frame_172.pdb,
frame_1720.pdb,2.711965533653507,33,False,0,True,aligned_frames/aligned_frame_1720.pdb,
frame_1724.pdb,3.4106291394291883,33,False,0,True,aligned_frames/aligned_frame_1724.pdb,
frame_1728.pdb,2.2610954597735344,33,False,0,True,aligned_frames/aligned_frame_1728.pdb,
frame_1732.pdb,2.3517344258013573,33,False,0,True,aligned_frames/aligned_frame_1732.pdb,
frame_1736.pdb,4.009661769325561,33,False,0,True,aligned_frames/aligned_frame_1736.pdb,
frame_1740.pdb,2.5551776693356225,33,False,0,True,aligned_frames/aligned_frame_1740.pdb,
frame_1744.pdb,1.745904638225098,33,False,0,True,aligned_frames/aligned_frame_1744.pdb,
frame_1748.pdb,2.014192488092256,33,False,0,True,aligned_frames/aligned_frame_1748.pdb,
frame_1752.pdb,1.3429607232343996,33,False,0,True,aligned_frames/aligned_frame_1752.pdb,
frame_1756.pdb,1.754739536757042,33,False,0,True,aligned_frames/aligned_frame_1756.pdb,
frame_176.pdb,3.000723595344957,33,False,0,True,aligned_frames/aligned_frame_176.pdb,
frame_1760.pdb,1.667272541421435,33,False,0,True,aligned_frames/aligned_frame_1760.pdb,
frame_1764.pdb,2.25796865077417,33,False,0,True,aligned_frames/aligned_frame_1764.pdb,
frame_1768.pdb,2.3252198960338832,33,False,0,True,aligned_frames/aligned_frame_1768.pdb,
frame_1772.pdb,2.118974407012823,33,False,0,True,aligned_frames/aligned_frame_1772.pdb,
frame_1776.pdb,3.029733384856771,33,False,0,True,aligned_frames/aligned_frame_1776.pdb,
frame_1780.pdb,1.6090139752619794,33,False,0,True,aligned_frames/aligned_frame_1780.pdb,
frame_1784.pdb,1.6956479591514189,33,False,0,True,aligned_frames/aligned_frame_1784.pdb,
frame_1788.pdb,1.6632277623914238,33,False,0,True,aligned_frames/aligned_frame_1788.pdb,
frame_1792.pdb,2.1602800571638223,33,False,0,True,aligned_frames/aligned_frame_1792.pdb,
frame_1796.pdb,1.5643327188329674,33,False,0,True,aligned_frames/aligned_frame_1796.pdb,
frame_180.pdb,1.5487768909734765,33,False,0,True,aligned_frames/aligned_frame_180.pdb,
frame_1800.pdb,2.082481082958818,33,False,0,True,aligned_frames/aligned_frame_1800.pdb,
frame_1804.pdb,1.512700170521466,33,False,0,True,aligned_frames/aligned_frame_1804.pdb,
frame_1808.pdb,1.512700170521466,33,False,0,True,aligned_frames/aligned_frame_1808.pdb,
frame_1812.pdb,2.143521866802254,33,False,0,True,aligned_frames/aligned_frame_1812.pdb,
frame_1816.pdb,2.133862586437917,33,False,0,True,aligned_frames/aligned_frame_1816.pdb,
frame_1820.pdb,1.9893780172373243,33,False,0,True,aligned_frames/aligned_frame_1820.pdb,
frame_1824.pdb,3.312399639798164,33,False,0,True,aligned_frames/aligned_frame_1824.pdb,
frame_1832.pdb,42.8577938200948,33,False,0,True,aligned_frames/aligned_frame_1832.pdb,
frame_1836.pdb,4.168134469039212,33,False,0,True,aligned_frames/aligned_frame_1836.pdb,
frame_184.pdb,2.1151249301155506,33,False,0,True,aligned_frames/aligned_frame_184.pdb,
frame_1840.pdb,3.0569969757610984,33,False,0,True,aligned_frames/aligned_frame_1840.pdb,
frame_1844.pdb,2.284782809409548,33,False,0,True,aligned_frames/aligned_frame_1844.pdb,
frame_1848.pdb,2.284782809409548,33,False,0,True,aligned_frames/aligned_frame_1848.pdb,
frame_1852.pdb,1.2190047073589196,33,False,0,True,aligned_frames/aligned_frame_1852.pdb,
frame_1856.pdb,2.082749081948361,33,False,0,True,aligned_frames/aligned_frame_1856.pdb,
frame_1860.pdb,1.146471468218079,33,False,0,True,aligned_frames/aligned_frame_1860.pdb,
frame_1864.pdb,1.529719425050197,33,False,0,True,aligned_frames/aligned_frame_1864.pdb,
frame_1868.pdb,2.243655175289057,33,False,0,True,aligned_frames/aligned_frame_1868.pdb,
frame_1872.pdb,2.1226963563446026,33,False,0,True,aligned_frames/aligned_frame_1872.pdb,
frame_1876.pdb,1.6221964407368272,33,False,0,True,aligned_frames/aligned_frame_1876.pdb,
frame_188.pdb,1.3712468345451514,33,False,0,True,aligned_frames/aligned_frame_188.pdb,
frame_1880.pdb,1.2240321546294912,33,False,0,True,aligned_frames/aligned_frame_1880.pdb,
frame_1884.pdb,1.396017600778329,33,False,0,True,aligned_frames/aligned_frame_1884.pdb,
frame_1888.pdb,1.251753067681645,33,False,0,True,aligned_frames/aligned_frame_1888.pdb,
frame_1892.pdb,2.116184105545483,33,False,0,True,aligned_frames/aligned_frame_1892.pdb,
frame_1896.pdb,1.9867979774816265,33,False,0,True,aligned_frames/aligned_frame_1896.pdb,
frame_1900.pdb,1.952222882385956,33,False,0,True,aligned_frames/aligned_frame_1900.pdb,
frame_1904.pdb,1.883159349502223,33,False,0,True,aligned_frames/aligned_frame_1904.pdb,
frame_1908.pdb,1.7212170933797022,33,False,0,True,aligned_frames/aligned_frame_1908.pdb,
frame_1912.pdb,1.8645723321479808,33,False,0,True,aligned_frames/aligned_frame_1912.pdb,
frame_1916.pdb,1.8645723321479808,33,False,0,True,aligned_frames/aligned_frame_1916.pdb,
frame_192.pdb,3.045692703715668,33,False,0,True,aligned_frames/aligned_frame_192.pdb,
frame_1920.pdb,1.599237838065681,33,False,0,True,aligned_frames/aligned_frame_1920.pdb,
frame_1924.pdb,2.8479063454025186,33,False,0,True,aligned_frames/aligned_frame_1924.pdb,
frame_1928.pdb,3.41841420979177,33,False,0,True,aligned_frames/aligned_frame_1928.pdb,
frame_1932.pdb,2.1540098260586418,33,False,0,True,aligned_frames/aligned_frame_1932.pdb,
frame_1936.pdb,1.61489010406402,33,False,0,True,aligned_frames/aligned_frame_1936.pdb,
frame_1940.pdb,2.5996052107887593,33,False,0,True,aligned_frames/aligned_frame_1940.pdb,
frame_1944.pdb,2.9812188129059245,33,False,0,True,aligned_frames/aligned_frame_1944.pdb,
frame_1948.pdb,3.635409383117629,33,False,0,True,aligned_frames/aligned_frame_1948.pdb,
frame_1952.pdb,3.6118516062306747,33,False,0,True,aligned_frames/aligned_frame_1952.pdb,
frame_1956.pdb,3.6118516062306747,33,False,0,True,aligned_frames/aligned_frame_1956.pdb,
frame_196.pdb,2.7110450932796697,33,False,0,True,aligned_frames/aligned_frame_196.pdb,
frame_1960.pdb,2.397170061610932,33,False,0,True,aligned_frames/aligned_frame_1960.pdb,
frame_1964.pdb,2.397170061610932,33,False,0,True,aligned_frames/aligned_frame_1964.pdb,
frame_1968.pdb,2.4653271857358448,33,False,0,True,aligned_frames/aligned_frame_1968.pdb,
frame_1972.pdb,2.786791840914649,33,False,0,True,aligned_frames/aligned_frame_1972.pdb,
frame_1976.pdb,2.12663994213089,33,False,0,True,aligned_frames/aligned_frame_1976.pdb,
frame_1980.pdb,2.12663994213089,33,False,0,True,aligned_frames/aligned_frame_1980.pdb,
frame_1984.pdb,1.8403714085101321,33,False,0,True,aligned_frames/aligned_frame_1984.pdb,
frame_1988.pdb,2.3349951837113423,33,False,0,True,aligned_frames/aligned_frame_1988.pdb,
frame_1992.pdb,2.1758101872983784,33,False,0,True,aligned_frames/aligned_frame_1992.pdb,
frame_1996.pdb,2.0927054843571447,33,False,0,True,aligned_frames/aligned_frame_1996.pdb,
frame_20.pdb,3.4588365578987466,33,False,0,True,aligned_frames/aligned_frame_20.pdb,
frame_200.pdb,3.354328447662932,33,False,0,True,aligned_frames/aligned_frame_200.pdb,
frame_2000.pdb,1.519607595516339,33,False,0,True,aligned_frames/aligned_frame_2000.pdb,
frame_2004.pdb,1.519607595516339,33,False,0,True,aligned_frames/aligned_frame_2004.pdb,
frame_2008.pdb,2.2585558950802707,33,False,0,True,aligned_frames/aligned_frame_2008.pdb,
frame_2012.pdb,2.293927987957554,33,False,0,True,aligned_frames/aligned_frame_2012.pdb,
frame_2016.pdb,1.4336936511562433,33,False,0,True,aligned_frames/aligned_frame_2016.pdb,
frame_2020.pdb,1.5133999091116277,33,False,0,True,aligned_frames/aligned_frame_2020.pdb,
frame_2024.pdb,1.3457606648373432,33,False,0,True,aligned_frames/aligned_frame_2024.pdb,
frame_2028.pdb,1.5490115324304552,33,False,0,True,aligned_frames/aligned_frame_2028.pdb,
frame_2032.pdb,1.570869013689942,33,False,0,True,aligned_frames/aligned_frame_2032.pdb,
frame_2036.pdb,3.119826112627613,33,False,0,True,aligned_frames/aligned_frame_2036.pdb,
frame_204.pdb,2.3091979736860853,33,False,0,True,aligned_frames/aligned_frame_204.pdb,
frame_2040.pdb,3.1451995307535103,33,False,0,True,aligned_frames/aligned_frame_2040.pdb,
frame_2044.pdb,2.9726527739407134,33,False,0,True,aligned_frames/aligned_frame_2044.pdb,
frame_2048.pdb,2.1015343933386554,33,False,0,True,aligned_frames/aligned_frame_2048.pdb,
frame_2052.pdb,2.1286451737672087,33,False,0,True,aligned_frames/aligned_frame_2052.pdb,
frame_2056.pdb,2.1286451737672087,33,False,0,True,aligned_frames/aligned_frame_2056.pdb,
frame_2060.pdb,2.6936344401225547,33,False,0,True,aligned_frames/aligned_frame_2060.pdb,
frame_2064.pdb,2.6936344401225547,33,False,0,True,aligned_frames/aligned_frame_2064.pdb,
frame_2068.pdb,2.086011294827331,33,False,0,True,aligned_frames/aligned_frame_2068.pdb,
frame_2072.pdb,2.086011294827331,33,False,0,True,aligned_frames/aligned_frame_2072.pdb,
frame_2076.pdb,4.233441564557499,33,False,0,True,aligned_frames/aligned_frame_2076.pdb,
frame_208.pdb,2.3091979736860853,33,False,0,True,aligned_frames/aligned_frame_208.pdb,
frame_2080.pdb,3.917941716278737,33,False,0,True,aligned_frames/aligned_frame_2080.pdb,
frame_2084.pdb,2.6166265463703104,33,False,0,True,aligned_frames/aligned_frame_2084.pdb,
frame_2088.pdb,2.964841398444843,33,False,0,True,aligned_frames/aligned_frame_2088.pdb,
frame_2092.pdb,2.752338172805409,33,False,0,True,aligned_frames/aligned_frame_2092.pdb,
frame_2096.pdb,2.990034840714036,33,False,0,True,aligned_frames/aligned_frame_2096.pdb,
frame_2100.pdb,3.062916881043899,33,False,0,True,aligned_frames/aligned_frame_2100.pdb,
frame_2104.pdb,1.9290448009564698,33,False,0,True,aligned_frames/aligned_frame_2104.pdb,
frame_2108.pdb,1.951082779854896,33,False,0,True,aligned_frames/aligned_frame_2108.pdb,
frame_2112.pdb,2.2101933241600094,33,False,0,True,aligned_frames/aligned_frame_2112.pdb,
frame_2116.pdb,3.346680600261083,33,False,0,True,aligned_frames/aligned_frame_2116.pdb,
frame_212.pdb,2.827314023877087,33,False,0,True,aligned_frames/aligned_frame_212.pdb,
frame_2120.pdb,3.346680600261083,33,False,0,True,aligned_frames/aligned_frame_2120.pdb,
frame_2124.pdb,3.1772932018217013,33,False,0,True,aligned_frames/aligned_frame_2124.pdb,
frame_2128.pdb,3.1772932018217013,33,False,0,True,aligned_frames/aligned_frame_2128.pdb,
frame_2132.pdb,3.0770224166317477,33,False,0,True,aligned_frames/aligned_frame_2132.pdb,
frame_2136.pdb,3.0069226707615107,33,False,0,True,aligned_frames/aligned_frame_2136.pdb,
frame_2140.pdb,2.826054360705388,33,False,0,True,aligned_frames/aligned_frame_2140.pdb,
frame_2144.pdb,2.169016974811425,33,False,0,True,aligned_frames/aligned_frame_2144.pdb,
frame_2148.pdb,2.555510303079943,33,False,0,True,aligned_frames/aligned_frame_2148.pdb,
frame_2152.pdb,2.048538427200502,33,False,0,True,aligned_frames/aligned_frame_2152.pdb,
frame_2156.pdb,1.3772538224799955,33,False,0,True,aligned_frames/aligned_frame_2156.pdb,
frame_216.pdb,2.827314023877087,33,False,0,True,aligned_frames/aligned_frame_216.pdb,
frame_2160.pdb,2.1958027766889003,33,False,0,True,aligned_frames/aligned_frame_2160.pdb,
frame_2164.pdb,2.5992006011389344,33,False,0,True,aligned_frames/aligned_frame_2164.pdb,
frame_2168.pdb,2.6413313000886,33,False,0,True,aligned_frames/aligned_frame_2168.pdb,
frame_2172.pdb,2.8733900846497127,33,False,0,True,aligned_frames/aligned_frame_2172.pdb,
frame_2176.pdb,2.394271771360976,33,False,0,True,aligned_frames/aligned_frame_2176.pdb,
frame_2180.pdb,2.2585504151170883,33,False,0,True,aligned_frames/aligned_frame_2180.pdb,
frame_2184.pdb,2.6179368280832316,33,False,0,True,aligned_frames/aligned_frame_2184.pdb,
frame_2188.pdb,2.642644324183614,33,False,0,True,aligned_frames/aligned_frame_2188.pdb,
frame_2192.pdb,2.891741978457421,33,False,0,True,aligned_frames/aligned_frame_2192.pdb,
frame_2196.pdb,3.247023898671686,33,False,0,True,aligned_frames/aligned_frame_2196.pdb,
frame_220.pdb,1.2566673430328037,33,False,0,True,aligned_frames/aligned_frame_220.pdb,
frame_2200.pdb,1.9590623311879565,33,False,0,True,aligned_frames/aligned_frame_2200.pdb,
frame_2204.pdb,0.8944538327455341,33,False,0,True,aligned_frames/aligned_frame_2204.pdb,
frame_2208.pdb,1.260098717757126,33,False,0,True,aligned_frames/aligned_frame_2208.pdb,
frame_2212.pdb,1.2369042337705458,33,False,0,True,aligned_frames/aligned_frame_2212.pdb,
frame_2216.pdb,1.3954117564835538,33,False,0,True,aligned_frames/aligned_frame_2216.pdb,
frame_2220.pdb,2.9323070282401575,33,False,0,True,aligned_frames/aligned_frame_2220.pdb,
frame_2224.pdb,1.5609234527438256,33,False,0,True,aligned_frames/aligned_frame_2224.pdb,
frame_2228.pdb,1.4576212308720586,33,False,0,True,aligned_frames/aligned_frame_2228.pdb,
frame_2232.pdb,1.874649217458559,33,False,0,True,aligned_frames/aligned_frame_2232.pdb,
frame_2236.pdb,2.739840084302652,33,False,0,True,aligned_frames/aligned_frame_2236.pdb,
frame_224.pdb,2.8426057883442977,33,False,0,True,aligned_frames/aligned_frame_224.pdb,
frame_2240.pdb,2.967092161457303,33,False,0,True,aligned_frames/aligned_frame_2240.pdb,
frame_2244.pdb,2.057269861485153,33,False,0,True,aligned_frames/aligned_frame_2244.pdb,
frame_2248.pdb,3.636749115135456,33,False,0,True,aligned_frames/aligned_frame_2248.pdb,
frame_2252.pdb,3.636749115135456,33,False,0,True,aligned_frames/aligned_frame_2252.pdb,
frame_2256.pdb,2.2781670990475136,33,False,0,True,aligned_frames/aligned_frame_2256.pdb,
frame_2260.pdb,2.2781670990475136,33,False,0,True,aligned_frames/aligned_frame_2260.pdb,
frame_2264.pdb,2.2860370782407893,33,False,0,True,aligned_frames/aligned_frame_2264.pdb,
frame_2268.pdb,1.1610186294314209,33,False,0,True,aligned_frames/aligned_frame_2268.pdb,
frame_2272.pdb,1.4235176672981502,33,False,0,True,aligned_frames/aligned_frame_2272.pdb,
frame_2276.pdb,1.476405162199974,33,False,0,True,aligned_frames/aligned_frame_2276.pdb,
frame_228.pdb,2.0184478272130186,33,False,0,True,aligned_frames/aligned_frame_228.pdb,
frame_2280.pdb,1.4724189635313416,33,False,0,True,aligned_frames/aligned_frame_2280.pdb,
frame_2284.pdb,1.6734461535135707,33,False,0,True,aligned_frames/aligned_frame_2284.pdb,
frame_2288.pdb,3.1774180292965486,33,False,0,True,aligned_frames/aligned_frame_2288.pdb,
frame_2292.pdb,2.1931711492340487,33,False,0,True,aligned_frames/aligned_frame_2292.pdb,
frame_2296.pdb,3.5064134136198803,33,False,0,True,aligned_frames/aligned_frame_2296.pdb,
frame_2300.pdb,2.2874933189127358,33,False,0,True,aligned_frames/aligned_frame_2300.pdb,
frame_2304.pdb,3.039654051739154,33,False,0,True,aligned_frames/aligned_frame_2304.pdb,
frame_2308.pdb,2.8711671499833744,33,False,0,True,aligned_frames/aligned_frame_2308.pdb,
frame_2312.pdb,2.5504428169612363,33,False,0,True,aligned_frames/aligned_frame_2312.pdb,
frame_2316.pdb,2.4559652190049523,33,False,0,True,aligned_frames/aligned_frame_2316.pdb,
frame_232.pdb,3.1191124295910213,33,False,0,True,aligned_frames/aligned_frame_232.pdb,
frame_2320.pdb,2.611704507234809,33,False,0,True,aligned_frames/aligned_frame_2320.pdb,
frame_2324.pdb,1.7927289611013777,33,False,0,True,aligned_frames/aligned_frame_2324.pdb,
frame_2328.pdb,3.0832933597440073,33,False,0,True,aligned_frames/aligned_frame_2328.pdb,
frame_2332.pdb,2.3707761024382483,33,False,0,True,aligned_frames/aligned_frame_2332.pdb,
frame_2336.pdb,2.519496736165317,33,False,0,True,aligned_frames/aligned_frame_2336.pdb,
frame_2340.pdb,1.5408597721380983,33,False,0,True,aligned_frames/aligned_frame_2340.pdb,
frame_2344.pdb,1.476022380626267,33,False,0,True,aligned_frames/aligned_frame_2344.pdb,
frame_2348.pdb,3.410700219483849,33,False,0,True,aligned_frames/aligned_frame_2348.pdb,
frame_2352.pdb,2.2484566223132556,33,False,0,True,aligned_frames/aligned_frame_2352.pdb,
frame_2356.pdb,1.1343129860814112,33,False,0,True,aligned_frames/aligned_frame_2356.pdb,
frame_236.pdb,2.7184889672548653,33,False,0,True,aligned_frames/aligned_frame_236.pdb,
frame_2360.pdb,1.1931661351529395,33,False,0,True,aligned_frames/aligned_frame_2360.pdb,
frame_2364.pdb,1.9310577115344947,33,False,0,True,aligned_frames/aligned_frame_2364.pdb,
frame_2368.pdb,2.174582740017998,33,False,0,True,aligned_frames/aligned_frame_2368.pdb,
frame_2372.pdb,3.345259515230273,33,False,0,True,aligned_frames/aligned_frame_2372.pdb,
frame_2376.pdb,1.2102989130452149,33,False,0,True,aligned_frames/aligned_frame_2376.pdb,
frame_2380.pdb,2.849987834247454,33,False,0,True,aligned_frames/aligned_frame_2380.pdb,
frame_2384.pdb,2.359495524744882,33,False,0,True,aligned_frames/aligned_frame_2384.pdb,
frame_2388.pdb,2.1696383587487054,33,False,0,True,aligned_frames/aligned_frame_2388.pdb,
frame_2392.pdb,2.6599250015643507,33,False,0,True,aligned_frames/aligned_frame_2392.pdb,
frame_2396.pdb,3.193081434399929,33,False,0,True,aligned_frames/aligned_frame_2396.pdb,
frame_24.pdb,2.669078188930821,33,False,0,True,aligned_frames/aligned_frame_24.pdb,
frame_240.pdb,2.8696157254694046,33,False,0,True,aligned_frames/aligned_frame_240.pdb,
frame_2400.pdb,2.380173725620808,33,False,0,True,aligned_frames/aligned_frame_2400.pdb,
frame_2404.pdb,1.875732569555391,33,False,0,True,aligned_frames/aligned_frame_2404.pdb,
frame_2408.pdb,2.5895025404220737,33,False,0,True,aligned_frames/aligned_frame_2408.pdb,
frame_2412.pdb,2.2323656380735075,33,False,0,True,aligned_frames/aligned_frame_2412.pdb,
frame_2416.pdb,1.4808451241202927,33,False,0,True,aligned_frames/aligned_frame_2416.pdb,
frame_2420.pdb,2.729955596372855,33,False,0,True,aligned_frames/aligned_frame_2420.pdb,
frame_2424.pdb,2.152294041298299,33,False,0,True,aligned_frames/aligned_frame_2424.pdb,
frame_2428.pdb,2.1983556247756026,33,False,0,True,aligned_frames/aligned_frame_2428.pdb,
frame_2432.pdb,2.487082837689996,33,False,0,True,aligned_frames/aligned_frame_2432.pdb,
frame_2436.pdb,2.487082837689996,33,False,0,True,aligned_frames/aligned_frame_2436.pdb,
frame_244.pdb,2.806614028313857,33,False,0,True,aligned_frames/aligned_frame_244.pdb,
frame_2440.pdb,2.480220566701718,33,False,0,True,aligned_frames/aligned_frame_2440.pdb,
frame_2444.pdb,2.4587016224202776,33,False,0,True,aligned_frames/aligned_frame_2444.pdb,
frame_2448.pdb,2.1046922340548595,33,False,0,True,aligned_frames/aligned_frame_2448.pdb,
frame_2452.pdb,1.808116933848903,33,False,0,True,aligned_frames/aligned_frame_2452.pdb,
frame_2456.pdb,1.5489433305264744,33,False,0,True,aligned_frames/aligned_frame_2456.pdb,
frame_2460.pdb,1.5489433305264744,33,False,0,True,aligned_frames/aligned_frame_2460.pdb,
frame_2464.pdb,1.186284566206424,33,False,0,True,aligned_frames/aligned_frame_2464.pdb,
frame_2468.pdb,2.637329988836223,33,False,0,True,aligned_frames/aligned_frame_2468.pdb,
frame_2472.pdb,2.799739392727811,33,False,0,True,aligned_frames/aligned_frame_2472.pdb,
frame_2476.pdb,2.7205738921238196,33,False,0,True,aligned_frames/aligned_frame_2476.pdb,
frame_248.pdb,2.806614028313857,33,False,0,True,aligned_frames/aligned_frame_248.pdb,
frame_2480.pdb,1.866444121441127,33,False,0,True,aligned_frames/aligned_frame_2480.pdb,
frame_2484.pdb,2.6122627776849385,33,False,0,True,aligned_frames/aligned_frame_2484.pdb,
frame_2488.pdb,2.999136778037315,33,False,0,True,aligned_frames/aligned_frame_2488.pdb,
frame_2492.pdb,2.379213662971251,33,False,0,True,aligned_frames/aligned_frame_2492.pdb,
frame_2496.pdb,2.285186739993986,33,False,0,True,aligned_frames/aligned_frame_2496.pdb,
frame_2500.pdb,2.2926941702669477,33,False,0,True,aligned_frames/aligned_frame_2500.pdb,
frame_2504.pdb,3.181284856116258,33,False,0,True,aligned_frames/aligned_frame_2504.pdb,
frame_2508.pdb,1.6559937430484748,33,False,0,True,aligned_frames/aligned_frame_2508.pdb,
frame_2512.pdb,1.2470775742781568,33,False,0,True,aligned_frames/aligned_frame_2512.pdb,
frame_2516.pdb,1.2470775742781568,33,False,0,True,aligned_frames/aligned_frame_2516.pdb,
frame_252.pdb,3.4016901344153343,33,False,0,True,aligned_frames/aligned_frame_252.pdb,
frame_2520.pdb,1.3548830426448897,33,False,0,True,aligned_frames/aligned_frame_2520.pdb,
frame_2524.pdb,1.5438949521902774,33,False,0,True,aligned_frames/aligned_frame_2524.pdb,
frame_2528.pdb,3.0174914741663663,33,False,0,True,aligned_frames/aligned_frame_2528.pdb,
frame_2532.pdb,2.288647527463864,33,False,0,True,aligned_frames/aligned_frame_2532.pdb,
frame_2536.pdb,2.170246139310531,33,False,0,True,aligned_frames/aligned_frame_2536.pdb,
frame_2540.pdb,2.505558067261238,33,False,0,True,aligned_frames/aligned_frame_2540.pdb,
frame_2544.pdb,2.49335855905851,33,False,0,True,aligned_frames/aligned_frame_2544.pdb,
frame_2548.pdb,2.1592924622114347,33,False,0,True,aligned_frames/aligned_frame_2548.pdb,
frame_2552.pdb,2.1592924622114347,33,False,0,True,aligned_frames/aligned_frame_2552.pdb,
frame_2556.pdb,1.428876072416228,33,False,0,True,aligned_frames/aligned_frame_2556.pdb,
frame_256.pdb,1.522167565287397,33,False,0,True,aligned_frames/aligned_frame_256.pdb,
frame_2560.pdb,1.428876072416228,33,False,0,True,aligned_frames/aligned_frame_2560.pdb,
frame_2564.pdb,1.2208541530515207,33,False,0,True,aligned_frames/aligned_frame_2564.pdb,
frame_2568.pdb,1.2208541530515207,33,False,0,True,aligned_frames/aligned_frame_2568.pdb,
frame_2572.pdb,2.1737470264104015,33,False,0,True,aligned_frames/aligned_frame_2572.pdb,
frame_2576.pdb,2.289560917541707,33,False,0,True,aligned_frames/aligned_frame_2576.pdb,
frame_2580.pdb,2.065248798183636,33,False,0,True,aligned_frames/aligned_frame_2580.pdb,
frame_2584.pdb,3.9718175445551114,33,False,0,True,aligned_frames/aligned_frame_2584.pdb,
frame_2588.pdb,2.4996441312313236,33,False,0,True,aligned_frames/aligned_frame_2588.pdb,
frame_2592.pdb,1.488879224692992,33,False,0,True,aligned_frames/aligned_frame_2592.pdb,
frame_2596.pdb,2.690337952686171,33,False,0,True,aligned_frames/aligned_frame_2596.pdb,
frame_260.pdb,1.2245157763888177,33,False,0,True,aligned_frames/aligned_frame_260.pdb,
frame_2600.pdb,1.9547204401035196,33,False,0,True,aligned_frames/aligned_frame_2600.pdb,
frame_2604.pdb,1.153166165763411,33,False,0,True,aligned_frames/aligned_frame_2604.pdb,
frame_2608.pdb,1.3096806274722224,33,False,0,True,aligned_frames/aligned_frame_2608.pdb,
frame_2612.pdb,1.5073637114766971,33,False,0,True,aligned_frames/aligned_frame_2612.pdb,
frame_2616.pdb,2.1262615644747784,33,False,0,True,aligned_frames/aligned_frame_2616.pdb,
frame_2620.pdb,2.1262615644747784,33,False,0,True,aligned_frames/aligned_frame_2620.pdb,
frame_2624.pdb,1.1979286289234703,33,False,0,True,aligned_frames/aligned_frame_2624.pdb,
frame_2628.pdb,1.6759752705149487,33,False,0,True,aligned_frames/aligned_frame_2628.pdb,
frame_2632.pdb,2.3460798658210007,33,False,0,True,aligned_frames/aligned_frame_2632.pdb,
frame_2636.pdb,2.3460798658210007,33,False,0,True,aligned_frames/aligned_frame_2636.pdb,
frame_264.pdb,0.866516128326396,33,False,0,True,aligned_frames/aligned_frame_264.pdb,
frame_2640.pdb,3.737811688752825,33,False,0,True,aligned_frames/aligned_frame_2640.pdb,
frame_2644.pdb,3.737811688752825,33,False,0,True,aligned_frames/aligned_frame_2644.pdb,
frame_2648.pdb,3.9364653379488863,33,False,0,True,aligned_frames/aligned_frame_2648.pdb,
frame_2652.pdb,3.9444009528163826,33,False,0,True,aligned_frames/aligned_frame_2652.pdb,
frame_2656.pdb,2.4044944469993133,33,False,0,True,aligned_frames/aligned_frame_2656.pdb,
frame_2660.pdb,2.4044944469993133,33,False,0,True,aligned_frames/aligned_frame_2660.pdb,
frame_2664.pdb,1.3951834070727325,33,False,0,True,aligned_frames/aligned_frame_2664.pdb,
frame_2668.pdb,1.3951834070727325,33,False,0,True,aligned_frames/aligned_frame_2668.pdb,
frame_2672.pdb,3.248992065437207,33,False,0,True,aligned_frames/aligned_frame_2672.pdb,
frame_2676.pdb,3.248992065437207,33,False,0,True,aligned_frames/aligned_frame_2676.pdb,
frame_268.pdb,0.866516128326396,33,False,0,True,aligned_frames/aligned_frame_268.pdb,
frame_2680.pdb,3.1036947359650067,33,False,0,True,aligned_frames/aligned_frame_2680.pdb,
frame_2684.pdb,3.185144493206652,33,False,0,True,aligned_frames/aligned_frame_2684.pdb,
frame_2688.pdb,2.522468341089972,33,False,0,True,aligned_frames/aligned_frame_2688.pdb,
frame_2692.pdb,2.122935037089833,33,False,0,True,aligned_frames/aligned_frame_2692.pdb,
frame_2696.pdb,2.8102628713282756,33,False,0,True,aligned_frames/aligned_frame_2696.pdb,
frame_2700.pdb,2.718457519353904,33,False,0,True,aligned_frames/aligned_frame_2700.pdb,
frame_2704.pdb,2.8925124524721832,33,False,0,True,aligned_frames/aligned_frame_2704.pdb,
frame_2708.pdb,2.959788511441372,33,False,0,True,aligned_frames/aligned_frame_2708.pdb,
frame_2712.pdb,2.4332409317733363,33,False,0,True,aligned_frames/aligned_frame_2712.pdb,
frame_2716.pdb,2.4332409317733363,33,False,0,True,aligned_frames/aligned_frame_2716.pdb,
frame_272.pdb,2.7316816865151043,33,False,0,True,aligned_frames/aligned_frame_272.pdb,
frame_2720.pdb,2.3489926497201616,33,False,0,True,aligned_frames/aligned_frame_2720.pdb,
frame_2724.pdb,2.049143816991278,33,False,0,True,aligned_frames/aligned_frame_2724.pdb,
frame_2728.pdb,2.2426454695532625,33,False,0,True,aligned_frames/aligned_frame_2728.pdb,
frame_2732.pdb,2.3468996020151627,33,False,0,True,aligned_frames/aligned_frame_2732.pdb,
frame_2736.pdb,1.8862287903766286,33,False,0,True,aligned_frames/aligned_frame_2736.pdb,
frame_2740.pdb,1.8862287903766286,33,False,0,True,aligned_frames/aligned_frame_2740.pdb,
frame_2744.pdb,1.4535284600762715,33,False,0,True,aligned_frames/aligned_frame_2744.pdb,
frame_2748.pdb,1.4535284600762715,33,False,0,True,aligned_frames/aligned_frame_2748.pdb,
frame_2752.pdb,1.8516094365812057,33,False,0,True,aligned_frames/aligned_frame_2752.pdb,
frame_2756.pdb,1.501980541945992,33,False,0,True,aligned_frames/aligned_frame_2756.pdb,
frame_276.pdb,2.7316816865151043,33,False,0,True,aligned_frames/aligned_frame_276.pdb,
frame_2760.pdb,1.3485343603408466,33,False,0,True,aligned_frames/aligned_frame_2760.pdb,
frame_2764.pdb,1.8196755112963494,33,False,0,True,aligned_frames/aligned_frame_2764.pdb,
frame_2768.pdb,2.9624019060784,33,False,0,True,aligned_frames/aligned_frame_2768.pdb,
frame_2772.pdb,2.9937243244123057,33,False,0,True,aligned_frames/aligned_frame_2772.pdb,
frame_2776.pdb,2.2658686486230453,33,False,0,True,aligned_frames/aligned_frame_2776.pdb,
frame_2780.pdb,2.751879271150108,33,False,0,True,aligned_frames/aligned_frame_2780.pdb,
frame_2784.pdb,2.120009236594494,33,False,0,True,aligned_frames/aligned_frame_2784.pdb,
frame_2788.pdb,1.1622643607392458,33,False,0,True,aligned_frames/aligned_frame_2788.pdb,
frame_2792.pdb,1.4176975817582842,33,False,0,True,aligned_frames/aligned_frame_2792.pdb,
frame_2796.pdb,1.3973351192111638,33,False,0,True,aligned_frames/aligned_frame_2796.pdb,
frame_28.pdb,2.7804204173699545,33,False,0,True,aligned_frames/aligned_frame_28.pdb,
frame_280.pdb,3.107921036316306,33,False,0,True,aligned_frames/aligned_frame_280.pdb,
frame_2800.pdb,1.3973351192111638,33,False,0,True,aligned_frames/aligned_frame_2800.pdb,
frame_2804.pdb,1.4197830646013123,33,False,0,True,aligned_frames/aligned_frame_2804.pdb,
frame_2808.pdb,1.4197830646013123,33,False,0,True,aligned_frames/aligned_frame_2808.pdb,
frame_2812.pdb,2.1610344826979193,33,False,0,True,aligned_frames/aligned_frame_2812.pdb,
frame_2816.pdb,2.3768114293012026,33,False,0,True,aligned_frames/aligned_frame_2816.pdb,
frame_2820.pdb,2.1173252980199164,33,False,0,True,aligned_frames/aligned_frame_2820.pdb,
frame_2824.pdb,3.6964311264085037,33,False,0,True,aligned_frames/aligned_frame_2824.pdb,
frame_2828.pdb,3.6964311264085037,33,False,0,True,aligned_frames/aligned_frame_2828.pdb,
frame_2832.pdb,3.8330354823964274,33,False,0,True,aligned_frames/aligned_frame_2832.pdb,
frame_2836.pdb,2.51591610945767,33,False,0,True,aligned_frames/aligned_frame_2836.pdb,
frame_284.pdb,3.339970972829828,33,False,0,True,aligned_frames/aligned_frame_284.pdb,
frame_2840.pdb,2.966631124445434,33,False,0,True,aligned_frames/aligned_frame_2840.pdb,
frame_2844.pdb,2.4792653044768165,33,False,0,True,aligned_frames/aligned_frame_2844.pdb,
frame_2848.pdb,2.460519346604208,33,False,0,True,aligned_frames/aligned_frame_2848.pdb,
frame_2852.pdb,2.5485494902626296,33,False,0,True,aligned_frames/aligned_frame_2852.pdb,
frame_2856.pdb,2.7604733540245148,33,False,0,True,aligned_frames/aligned_frame_2856.pdb,
frame_2860.pdb,2.7604733540245148,33,False,0,True,aligned_frames/aligned_frame_2860.pdb,
frame_2864.pdb,2.7591454791081467,33,False,0,True,aligned_frames/aligned_frame_2864.pdb,
frame_2868.pdb,2.11514943136611,33,False,0,True,aligned_frames/aligned_frame_2868.pdb,
frame_2872.pdb,2.298763184814034,33,False,0,True,aligned_frames/aligned_frame_2872.pdb,
frame_2876.pdb,2.298763184814034,33,False,0,True,aligned_frames/aligned_frame_2876.pdb,
frame_288.pdb,3.028822555343778,33,False,0,True,aligned_frames/aligned_frame_288.pdb,
frame_2880.pdb,2.112462908309665,33,False,0,True,aligned_frames/aligned_frame_2880.pdb,
frame_2884.pdb,2.112462908309665,33,False,0,True,aligned_frames/aligned_frame_2884.pdb,
frame_2888.pdb,1.2158773035818042,33,False,0,True,aligned_frames/aligned_frame_2888.pdb,
frame_2892.pdb,1.3696917832905275,33,False,0,True,aligned_frames/aligned_frame_2892.pdb,
frame_2896.pdb,1.199956457473121,33,False,0,True,aligned_frames/aligned_frame_2896.pdb,
frame_2900.pdb,2.7704563534684667,33,False,0,True,aligned_frames/aligned_frame_2900.pdb,
frame_2904.pdb,2.9695048892588742,33,False,0,True,aligned_frames/aligned_frame_2904.pdb,
frame_2908.pdb,2.828003544266243,33,False,0,True,aligned_frames/aligned_frame_2908.pdb,
frame_2912.pdb,3.1349245848772465,33,False,0,True,aligned_frames/aligned_frame_2912.pdb,
frame_2916.pdb,2.159545174199303,33,False,0,True,aligned_frames/aligned_frame_2916.pdb,
frame_292.pdb,1.8336858898023825,33,False,0,True,aligned_frames/aligned_frame_292.pdb,
frame_2920.pdb,2.159545174199303,33,False,0,True,aligned_frames/aligned_frame_2920.pdb,
frame_2924.pdb,2.010554884373551,33,False,0,True,aligned_frames/aligned_frame_2924.pdb,
frame_2928.pdb,1.950258078477266,33,False,0,True,aligned_frames/aligned_frame_2928.pdb,
frame_2932.pdb,1.825210661316233,33,False,0,True,aligned_frames/aligned_frame_2932.pdb,
frame_2936.pdb,2.2277157305354334,33,False,0,True,aligned_frames/aligned_frame_2936.pdb,
frame_2940.pdb,2.727523963453891,33,False,0,True,aligned_frames/aligned_frame_2940.pdb,
frame_2944.pdb,3.1758505723138866,33,False,0,True,aligned_frames/aligned_frame_2944.pdb,
frame_2948.pdb,3.214709932838851,33,False,0,True,aligned_frames/aligned_frame_2948.pdb,
frame_2952.pdb,3.203153482611924,33,False,0,True,aligned_frames/aligned_frame_2952.pdb,
frame_2956.pdb,3.0402044057928173,33,False,0,True,aligned_frames/aligned_frame_2956.pdb,
frame_296.pdb,1.7713003901189905,33,False,0,True,aligned_frames/aligned_frame_296.pdb,
frame_2960.pdb,3.0402044057928173,33,False,0,True,aligned_frames/aligned_frame_2960.pdb,
frame_2964.pdb,3.249259850319868,33,False,0,True,aligned_frames/aligned_frame_2964.pdb,
frame_2968.pdb,2.6077064020331258,33,False,0,True,aligned_frames/aligned_frame_2968.pdb,
frame_2972.pdb,2.057245775075663,33,False,0,True,aligned_frames/aligned_frame_2972.pdb,
frame_2976.pdb,2.057245775075663,33,False,0,True,aligned_frames/aligned_frame_2976.pdb,
frame_2980.pdb,1.1977393103527243,33,False,0,True,aligned_frames/aligned_frame_2980.pdb,
frame_2984.pdb,1.1505678243698432,33,False,0,True,aligned_frames/aligned_frame_2984.pdb,
frame_2988.pdb,1.4857079720215207,33,False,0,True,aligned_frames/aligned_frame_2988.pdb,
frame_2992.pdb,1.4225986320941824,33,False,0,True,aligned_frames/aligned_frame_2992.pdb,
frame_2996.pdb,1.178857888501313,33,False,0,True,aligned_frames/aligned_frame_2996.pdb,
frame_300.pdb,1.5111430084812225,33,False,0,True,aligned_frames/aligned_frame_300.pdb,
frame_3000.pdb,2.2350658126074583,33,False,0,True,aligned_frames/aligned_frame_3000.pdb,
frame_3004.pdb,1.5107889851546052,33,False,0,True,aligned_frames/aligned_frame_3004.pdb,
frame_3008.pdb,1.505917655526935,33,False,0,True,aligned_frames/aligned_frame_3008.pdb,
frame_3012.pdb,1.5169840322955417,33,False,0,True,aligned_frames/aligned_frame_3012.pdb,
frame_3016.pdb,2.299105339931937,33,False,0,True,aligned_frames/aligned_frame_3016.pdb,
frame_3020.pdb,2.0079887703006927,33,False,0,True,aligned_frames/aligned_frame_3020.pdb,
frame_3024.pdb,2.2492527317191233,33,False,0,True,aligned_frames/aligned_frame_3024.pdb,
frame_3028.pdb,2.255984117723656,33,False,0,True,aligned_frames/aligned_frame_3028.pdb,
frame_3032.pdb,2.255984117723656,33,False,0,True,aligned_frames/aligned_frame_3032.pdb,
frame_3036.pdb,3.820900745656767,33,False,0,True,aligned_frames/aligned_frame_3036.pdb,
frame_304.pdb,1.8012042789241596,33,False,0,True,aligned_frames/aligned_frame_304.pdb,
frame_3040.pdb,3.820900745656767,33,False,0,True,aligned_frames/aligned_frame_3040.pdb,
frame_3044.pdb,1.3227293001185607,33,False,0,True,aligned_frames/aligned_frame_3044.pdb,
frame_3048.pdb,1.3227293001185607,33,False,0,True,aligned_frames/aligned_frame_3048.pdb,
frame_3052.pdb,2.6688955359664637,33,False,0,True,aligned_frames/aligned_frame_3052.pdb,
frame_3056.pdb,3.776379699400581,33,False,0,True,aligned_frames/aligned_frame_3056.pdb,
frame_3060.pdb,2.1071995249523385,33,False,0,True,aligned_frames/aligned_frame_3060.pdb,
frame_3064.pdb,2.1071995249523385,33,False,0,True,aligned_frames/aligned_frame_3064.pdb,
frame_3068.pdb,3.837535965593082,33,False,0,True,aligned_frames/aligned_frame_3068.pdb,
frame_3072.pdb,1.765006105472968,33,False,0,True,aligned_frames/aligned_frame_3072.pdb,
frame_3076.pdb,1.3976108588846348,33,False,0,True,aligned_frames/aligned_frame_3076.pdb,
frame_308.pdb,3.894079671226913,33,False,0,True,aligned_frames/aligned_frame_308.pdb,
frame_3080.pdb,1.3976108588846348,33,False,0,True,aligned_frames/aligned_frame_3080.pdb,
frame_3084.pdb,2.624240569351071,33,False,0,True,aligned_frames/aligned_frame_3084.pdb,
frame_3088.pdb,2.6001892972088845,33,False,0,True,aligned_frames/aligned_frame_3088.pdb,
frame_3092.pdb,2.651681796427761,33,False,0,True,aligned_frames/aligned_frame_3092.pdb,
frame_3096.pdb,2.9957214318078336,33,False,0,True,aligned_frames/aligned_frame_3096.pdb,
frame_3100.pdb,2.9957214318078336,33,False,0,True,aligned_frames/aligned_frame_3100.pdb,
frame_3104.pdb,2.782511295469073,33,False,0,True,aligned_frames/aligned_frame_3104.pdb,
frame_3108.pdb,2.5406580071178397,33,False,0,True,aligned_frames/aligned_frame_3108.pdb,
frame_3112.pdb,1.4532189224642627,33,False,0,True,aligned_frames/aligned_frame_3112.pdb,
frame_3116.pdb,2.800811874513109,33,False,0,True,aligned_frames/aligned_frame_3116.pdb,
frame_312.pdb,1.1322232458493773,33,False,0,True,aligned_frames/aligned_frame_312.pdb,
frame_3120.pdb,2.800811874513109,33,False,0,True,aligned_frames/aligned_frame_3120.pdb,
frame_3124.pdb,2.4110438069621813,33,False,0,True,aligned_frames/aligned_frame_3124.pdb,
frame_3128.pdb,2.4118661200661955,33,False,0,True,aligned_frames/aligned_frame_3128.pdb,
frame_3132.pdb,2.973969274217514,33,False,0,True,aligned_frames/aligned_frame_3132.pdb,
frame_3136.pdb,2.8469301107107983,33,False,0,True,aligned_frames/aligned_frame_3136.pdb,
frame_3140.pdb,2.987185194140733,33,False,0,True,aligned_frames/aligned_frame_3140.pdb,
frame_3144.pdb,2.8060204045418984,33,False,0,True,aligned_frames/aligned_frame_3144.pdb,
frame_3148.pdb,2.5666370291609217,33,False,0,True,aligned_frames/aligned_frame_3148.pdb,
frame_3152.pdb,1.5369196581574456,33,False,0,True,aligned_frames/aligned_frame_3152.pdb,
frame_3156.pdb,1.8584114940444456,33,False,0,True,aligned_frames/aligned_frame_3156.pdb,
frame_316.pdb,2.300472493813033,33,False,0,True,aligned_frames/aligned_frame_316.pdb,
frame_3160.pdb,2.634659610347762,33,False,0,True,aligned_frames/aligned_frame_3160.pdb,
frame_3164.pdb,2.522147025089335,33,False,0,True,aligned_frames/aligned_frame_3164.pdb,
frame_3168.pdb,2.522147025089335,33,False,0,True,aligned_frames/aligned_frame_3168.pdb,
frame_3172.pdb,0.7425627526310791,33,False,0,True,aligned_frames/aligned_frame_3172.pdb,
frame_3176.pdb,0.7425627526310791,33,False,0,True,aligned_frames/aligned_frame_3176.pdb,
frame_3180.pdb,2.223957892443109,33,False,0,True,aligned_frames/aligned_frame_3180.pdb,
frame_3184.pdb,2.5638628057480726,33,False,0,True,aligned_frames/aligned_frame_3184.pdb,
frame_3188.pdb,2.4988947242766053,33,False,0,True,aligned_frames/aligned_frame_3188.pdb,
frame_3192.pdb,2.47469632048637,33,False,0,True,aligned_frames/aligned_frame_3192.pdb,
frame_3196.pdb,2.47469632048637,33,False,0,True,aligned_frames/aligned_frame_3196.pdb,
frame_32.pdb,1.5039980548665328,33,False,0,True,aligned_frames/aligned_frame_32.pdb,
frame_320.pdb,2.456930995934047,33,False,0,True,aligned_frames/aligned_frame_320.pdb,
frame_3200.pdb,2.7124939250298117,33,False,0,True,aligned_frames/aligned_frame_3200.pdb,
frame_3204.pdb,2.7124939250298117,33,False,0,True,aligned_frames/aligned_frame_3204.pdb,
frame_3208.pdb,3.2406385714179877,33,False,0,True,aligned_frames/aligned_frame_3208.pdb,
frame_3212.pdb,3.080950193688994,33,False,0,True,aligned_frames/aligned_frame_3212.pdb,
frame_3216.pdb,2.240808991216048,33,False,0,True,aligned_frames/aligned_frame_3216.pdb,
frame_3220.pdb,3.3121762054968817,33,False,0,True,aligned_frames/aligned_frame_3220.pdb,
frame_3224.pdb,1.4073882174507593,33,False,0,True,aligned_frames/aligned_frame_3224.pdb,
frame_3228.pdb,1.394054521186607,33,False,0,True,aligned_frames/aligned_frame_3228.pdb,
frame_3232.pdb,2.1849018767543287,33,False,0,True,aligned_frames/aligned_frame_3232.pdb,
frame_3236.pdb,1.2213542861837519,33,False,0,True,aligned_frames/aligned_frame_3236.pdb,
frame_324.pdb,3.013708203315269,33,False,0,True,aligned_frames/aligned_frame_324.pdb,
frame_3240.pdb,1.7440446312194682,33,False,0,True,aligned_frames/aligned_frame_3240.pdb,
frame_3244.pdb,2.350889057277996,33,False,0,True,aligned_frames/aligned_frame_3244.pdb,
frame_3248.pdb,3.5950205269652438,33,False,0,True,aligned_frames/aligned_frame_3248.pdb,
frame_3252.pdb,3.5950205269652438,33,False,0,True,aligned_frames/aligned_frame_3252.pdb,
frame_3256.pdb,2.9365006698791554,33,False,0,True,aligned_frames/aligned_frame_3256.pdb,
frame_3260.pdb,2.9365006698791554,33,False,0,True,aligned_frames/aligned_frame_3260.pdb,
frame_3264.pdb,3.332019445863018,33,False,0,True,aligned_frames/aligned_frame_3264.pdb,
frame_3268.pdb,2.818025584912737,33,False,0,True,aligned_frames/aligned_frame_3268.pdb,
frame_3272.pdb,2.2384013040871027,33,False,0,True,aligned_frames/aligned_frame_3272.pdb,
frame_3276.pdb,2.933771102648034,33,False,0,True,aligned_frames/aligned_frame_3276.pdb,
frame_328.pdb,0.6833113346651086,33,False,0,True,aligned_frames/aligned_frame_328.pdb,
frame_3280.pdb,2.733392763028666,33,False,0,True,aligned_frames/aligned_frame_3280.pdb,
frame_3284.pdb,2.2499655551546565,33,False,0,True,aligned_frames/aligned_frame_3284.pdb,
frame_3288.pdb,1.5334361769543001,33,False,0,True,aligned_frames/aligned_frame_3288.pdb,
frame_3292.pdb,2.05521920315992,33,False,0,True,aligned_frames/aligned_frame_3292.pdb,
frame_3296.pdb,2.05521920315992,33,False,0,True,aligned_frames/aligned_frame_3296.pdb,
frame_3300.pdb,2.2675688191959726,33,False,0,True,aligned_frames/aligned_frame_3300.pdb,
frame_3304.pdb,2.7444511410067496,33,False,0,True,aligned_frames/aligned_frame_3304.pdb,
frame_3312.pdb,37.50322089160922,33,False,0,True,aligned_frames/aligned_frame_3312.pdb,
frame_3316.pdb,2.9512068467701518,33,False,0,True,aligned_frames/aligned_frame_3316.pdb,
frame_332.pdb,3.0018307289716946,33,False,0,True,aligned_frames/aligned_frame_332.pdb,
frame_3320.pdb,2.9512068467701518,33,False,0,True,aligned_frames/aligned_frame_3320.pdb,
frame_3324.pdb,3.0352862316645752,33,False,0,True,aligned_frames/aligned_frame_3324.pdb,
frame_3328.pdb,3.0352862316645752,33,False,0,True,aligned_frames/aligned_frame_3328.pdb,
frame_3332.pdb,2.7583035853774756,33,False,0,True,aligned_frames/aligned_frame_3332.pdb,
frame_3336.pdb,2.7583035853774756,33,False,0,True,aligned_frames/aligned_frame_3336.pdb,
frame_3340.pdb,2.7683468955406325,33,False,0,True,aligned_frames/aligned_frame_3340.pdb,
frame_3344.pdb,2.1406963346421337,33,False,0,True,aligned_frames/aligned_frame_3344.pdb,
frame_3348.pdb,2.1057180611713147,33,False,0,True,aligned_frames/aligned_frame_3348.pdb,
frame_3352.pdb,2.1057180611713147,33,False,0,True,aligned_frames/aligned_frame_3352.pdb,
frame_3356.pdb,2.158958665457255,33,False,0,True,aligned_frames/aligned_frame_3356.pdb,
frame_336.pdb,2.1412640109988543,33,False,0,True,aligned_frames/aligned_frame_336.pdb,
frame_3360.pdb,2.081915092363672,33,False,0,True,aligned_frames/aligned_frame_3360.pdb,
frame_3364.pdb,1.973108332569858,33,False,0,True,aligned_frames/aligned_frame_3364.pdb,
frame_3368.pdb,2.577784902663836,33,False,0,True,aligned_frames/aligned_frame_3368.pdb,
frame_3372.pdb,3.2611875609002032,33,False,0,True,aligned_frames/aligned_frame_3372.pdb,
frame_3376.pdb,2.650378402340727,33,False,0,True,aligned_frames/aligned_frame_3376.pdb,
frame_3380.pdb,2.555239767070741,33,False,0,True,aligned_frames/aligned_frame_3380.pdb,
frame_3384.pdb,2.2111431035928195,33,False,0,True,aligned_frames/aligned_frame_3384.pdb,
frame_3388.pdb,1.6851749553440354,33,False,0,True,aligned_frames/aligned_frame_3388.pdb,
frame_3392.pdb,1.790320861679198,33,False,0,True,aligned_frames/aligned_frame_3392.pdb,
frame_3396.pdb,2.452634537206069,33,False,0,True,aligned_frames/aligned_frame_3396.pdb,
frame_340.pdb,2.1607067165054725,33,False,0,True,aligned_frames/aligned_frame_340.pdb,
frame_3400.pdb,1.0869414106005526,33,False,0,True,aligned_frames/aligned_frame_3400.pdb,
frame_3404.pdb,0.7647978917375213,33,False,0,True,aligned_frames/aligned_frame_3404.pdb,
frame_3408.pdb,3.9775234831144872,33,False,0,True,aligned_frames/aligned_frame_3408.pdb,
frame_3412.pdb,2.4742073971843586,33,False,0,True,aligned_frames/aligned_frame_3412.pdb,
frame_3416.pdb,2.141860195886059,33,False,0,True,aligned_frames/aligned_frame_3416.pdb,
frame_3420.pdb,2.58250621413099,33,False,0,True,aligned_frames/aligned_frame_3420.pdb,
frame_3424.pdb,2.726534810371558,33,False,0,True,aligned_frames/aligned_frame_3424.pdb,
frame_3428.pdb,2.347956882344931,33,False,0,True,aligned_frames/aligned_frame_3428.pdb,
frame_3432.pdb,2.1261285646891155,33,False,0,True,aligned_frames/aligned_frame_3432.pdb,
frame_3436.pdb,1.9640492929348945,33,False,0,True,aligned_frames/aligned_frame_3436.pdb,
frame_344.pdb,2.2157756137848583,33,False,0,True,aligned_frames/aligned_frame_344.pdb,
frame_3440.pdb,2.2972985720803814,33,False,0,True,aligned_frames/aligned_frame_3440.pdb,
frame_3444.pdb,1.5229364287022658,33,False,0,True,aligned_frames/aligned_frame_3444.pdb,
frame_3448.pdb,2.3047707015939656,33,False,0,True,aligned_frames/aligned_frame_3448.pdb,
frame_3452.pdb,2.2533397423691284,33,False,0,True,aligned_frames/aligned_frame_3452.pdb,
frame_3456.pdb,3.0777892342163824,33,False,0,True,aligned_frames/aligned_frame_3456.pdb,
frame_3460.pdb,2.3898635439119102,33,False,0,True,aligned_frames/aligned_frame_3460.pdb,
frame_3464.pdb,2.5952096645568066,33,False,0,True,aligned_frames/aligned_frame_3464.pdb,
frame_3468.pdb,2.1794014642274124,33,False,0,True,aligned_frames/aligned_frame_3468.pdb,
frame_3472.pdb,2.285247388807247,33,False,0,True,aligned_frames/aligned_frame_3472.pdb,
frame_3476.pdb,2.7684785226396977,33,False,0,True,aligned_frames/aligned_frame_3476.pdb,
frame_348.pdb,2.1144504648020486,33,False,0,True,aligned_frames/aligned_frame_348.pdb,
frame_3480.pdb,3.1853714246789817,33,False,0,True,aligned_frames/aligned_frame_3480.pdb,
frame_3484.pdb,2.2296816228064427,33,False,0,True,aligned_frames/aligned_frame_3484.pdb,
frame_3488.pdb,2.0515151994384886,33,False,0,True,aligned_frames/aligned_frame_3488.pdb,
frame_3492.pdb,2.4716123566936576,33,False,0,True,aligned_frames/aligned_frame_3492.pdb,
frame_3496.pdb,2.4103759763400685,33,False,0,True,aligned_frames/aligned_frame_3496.pdb,
frame_3500.pdb,2.703001953065118,33,False,0,True,aligned_frames/aligned_frame_3500.pdb,
frame_3504.pdb,2.539825345757982,33,False,0,True,aligned_frames/aligned_frame_3504.pdb,
frame_3508.pdb,2.2867248178525994,33,False,0,True,aligned_frames/aligned_frame_3508.pdb,
frame_3512.pdb,1.1647686701853384,33,False,0,True,aligned_frames/aligned_frame_3512.pdb,
frame_3516.pdb,1.1647686701853384,33,False,0,True,aligned_frames/aligned_frame_3516.pdb,
frame_352.pdb,2.2039522036686194,33,False,0,True,aligned_frames/aligned_frame_352.pdb,
frame_3520.pdb,1.5179551550235673,33,False,0,True,aligned_frames/aligned_frame_3520.pdb,
frame_3524.pdb,1.5179551550235673,33,False,0,True,aligned_frames/aligned_frame_3524.pdb,
frame_3528.pdb,1.3936163124380436,33,False,0,True,aligned_frames/aligned_frame_3528.pdb,
frame_3532.pdb,1.3747783150678332,33,False,0,True,aligned_frames/aligned_frame_3532.pdb,
frame_3536.pdb,1.6656592981035674,33,False,0,True,aligned_frames/aligned_frame_3536.pdb,
frame_3540.pdb,2.3817479117573392,33,False,0,True,aligned_frames/aligned_frame_3540.pdb,
frame_3544.pdb,1.3711421536439155,33,False,0,True,aligned_frames/aligned_frame_3544.pdb,
frame_3548.pdb,1.1823562369650105,33,False,0,True,aligned_frames/aligned_frame_3548.pdb,
frame_3552.pdb,1.529720544408348,33,False,0,True,aligned_frames/aligned_frame_3552.pdb,
frame_3556.pdb,1.1334106323071145,33,False,0,True,aligned_frames/aligned_frame_3556.pdb,
frame_356.pdb,3.000350586864006,33,False,0,True,aligned_frames/aligned_frame_356.pdb,
frame_3564.pdb,43.518924287107524,33,False,0,True,aligned_frames/aligned_frame_3564.pdb,
frame_3568.pdb,1.1459363761132098,33,False,0,True,aligned_frames/aligned_frame_3568.pdb,
frame_3572.pdb,2.4285054621228825,33,False,0,True,aligned_frames/aligned_frame_3572.pdb,
frame_3576.pdb,2.331870139603831,33,False,0,True,aligned_frames/aligned_frame_3576.pdb,
frame_3580.pdb,2.331870139603831,33,False,0,True,aligned_frames/aligned_frame_3580.pdb,
frame_3584.pdb,2.318545302072813,33,False,0,True,aligned_frames/aligned_frame_3584.pdb,
frame_3588.pdb,2.7070171094337883,33,False,0,True,aligned_frames/aligned_frame_3588.pdb,
frame_3592.pdb,2.114077209728381,33,False,0,True,aligned_frames/aligned_frame_3592.pdb,
frame_3596.pdb,3.7468389668068247,33,False,0,True,aligned_frames/aligned_frame_3596.pdb,
frame_36.pdb,1.4530334948458261,33,False,0,True,aligned_frames/aligned_frame_36.pdb,
frame_360.pdb,1.1873904428822815,33,False,0,True,aligned_frames/aligned_frame_360.pdb,
frame_3600.pdb,2.236019527692247,33,False,0,True,aligned_frames/aligned_frame_3600.pdb,
frame_3604.pdb,1.8319813457936032,33,False,0,True,aligned_frames/aligned_frame_3604.pdb,
frame_3608.pdb,4.010809424426685,33,False,0,True,aligned_frames/aligned_frame_3608.pdb,
frame_3612.pdb,3.579175158192303,33,False,0,True,aligned_frames/aligned_frame_3612.pdb,
frame_3616.pdb,1.5100139270533686,33,False,0,True,aligned_frames/aligned_frame_3616.pdb,
frame_3620.pdb,0.7008155179769221,33,False,0,True,aligned_frames/aligned_frame_3620.pdb,
frame_3624.pdb,2.7841527650917,33,False,0,True,aligned_frames/aligned_frame_3624.pdb,
frame_3628.pdb,1.6404904562881142,33,False,0,True,aligned_frames/aligned_frame_3628.pdb,
frame_3632.pdb,2.0366260723476586,33,False,0,True,aligned_frames/aligned_frame_3632.pdb,
frame_3636.pdb,1.9320666304171756,33,False,0,True,aligned_frames/aligned_frame_3636.pdb,
frame_364.pdb,1.4142918434552842,33,False,0,True,aligned_frames/aligned_frame_364.pdb,
frame_3640.pdb,2.216477446987185,33,False,0,True,aligned_frames/aligned_frame_3640.pdb,
frame_3644.pdb,1.482732451986522,33,False,0,True,aligned_frames/aligned_frame_3644.pdb,
frame_3648.pdb,1.6554333909337557,33,False,0,True,aligned_frames/aligned_frame_3648.pdb,
frame_3652.pdb,2.864341491338537,33,False,0,True,aligned_frames/aligned_frame_3652.pdb,
frame_3656.pdb,3.1732788280287334,33,False,0,True,aligned_frames/aligned_frame_3656.pdb,
frame_3660.pdb,3.0807305720385902,33,False,0,True,aligned_frames/aligned_frame_3660.pdb,
frame_3664.pdb,3.0917527503844844,33,False,0,True,aligned_frames/aligned_frame_3664.pdb,
frame_3668.pdb,2.761367490233971,33,False,0,True,aligned_frames/aligned_frame_3668.pdb,
frame_3672.pdb,3.5448955966690043,33,False,0,True,aligned_frames/aligned_frame_3672.pdb,
frame_3676.pdb,3.5448955966690043,33,False,0,True,aligned_frames/aligned_frame_3676.pdb,
frame_368.pdb,2.664741597846695,33,False,0,True,aligned_frames/aligned_frame_368.pdb,
frame_3680.pdb,1.3005314232090412,33,False,0,True,aligned_frames/aligned_frame_3680.pdb,
frame_3684.pdb,1.6428664418755141,33,False,0,True,aligned_frames/aligned_frame_3684.pdb,
frame_3688.pdb,2.7937979266817905,33,False,0,True,aligned_frames/aligned_frame_3688.pdb,
frame_3692.pdb,2.374365546527722,33,False,0,True,aligned_frames/aligned_frame_3692.pdb,
frame_3696.pdb,2.687662445655926,33,False,0,True,aligned_frames/aligned_frame_3696.pdb,
frame_3700.pdb,3.1501908824909632,33,False,0,True,aligned_frames/aligned_frame_3700.pdb,
frame_3704.pdb,2.8256318350393426,33,False,0,True,aligned_frames/aligned_frame_3704.pdb,
frame_3708.pdb,2.758483753483771,33,False,0,True,aligned_frames/aligned_frame_3708.pdb,
frame_3712.pdb,2.219922339017444,33,False,0,True,aligned_frames/aligned_frame_3712.pdb,
frame_3716.pdb,3.809205380980442,33,False,0,True,aligned_frames/aligned_frame_3716.pdb,
frame_372.pdb,1.773633397562201,33,False,0,True,aligned_frames/aligned_frame_372.pdb,
frame_3720.pdb,3.3509897579570027,33,False,0,True,aligned_frames/aligned_frame_3720.pdb,
frame_3724.pdb,2.2389789941416636,33,False,0,True,aligned_frames/aligned_frame_3724.pdb,
frame_3728.pdb,1.696085598487148,33,False,0,True,aligned_frames/aligned_frame_3728.pdb,
frame_3732.pdb,2.7094449528534796,33,False,0,True,aligned_frames/aligned_frame_3732.pdb,
frame_3736.pdb,2.5723246300120133,33,False,0,True,aligned_frames/aligned_frame_3736.pdb,
frame_3740.pdb,1.822019018677493,33,False,0,True,aligned_frames/aligned_frame_3740.pdb,
frame_3744.pdb,2.145726280658669,33,False,0,True,aligned_frames/aligned_frame_3744.pdb,
frame_3748.pdb,2.145726280658669,33,False,0,True,aligned_frames/aligned_frame_3748.pdb,
frame_3752.pdb,2.490704297433431,33,False,0,True,aligned_frames/aligned_frame_3752.pdb,
frame_3756.pdb,2.2787010553957945,33,False,0,True,aligned_frames/aligned_frame_3756.pdb,
frame_376.pdb,2.278748082718323,33,False,0,True,aligned_frames/aligned_frame_376.pdb,
frame_3760.pdb,2.4400054017924586,33,False,0,True,aligned_frames/aligned_frame_3760.pdb,
frame_3764.pdb,3.907105073779718,33,False,0,True,aligned_frames/aligned_frame_3764.pdb,
frame_3768.pdb,2.5899816079967266,33,False,0,True,aligned_frames/aligned_frame_3768.pdb,
frame_3772.pdb,3.2266429268101304,33,False,0,True,aligned_frames/aligned_frame_3772.pdb,
frame_3776.pdb,2.5986388637284157,33,False,0,True,aligned_frames/aligned_frame_3776.pdb,
frame_3780.pdb,2.5986388637284157,33,False,0,True,aligned_frames/aligned_frame_3780.pdb,
frame_3784.pdb,2.514858221486157,33,False,0,True,aligned_frames/aligned_frame_3784.pdb,
frame_3788.pdb,1.9737401665615657,33,False,0,True,aligned_frames/aligned_frame_3788.pdb,
frame_3792.pdb,2.7379956731722492,33,False,0,True,aligned_frames/aligned_frame_3792.pdb,
frame_3796.pdb,1.898345675371048,33,False,0,True,aligned_frames/aligned_frame_3796.pdb,
frame_380.pdb,2.3307944752160528,33,False,0,True,aligned_frames/aligned_frame_380.pdb,
frame_3800.pdb,2.7120419987019657,33,False,0,True,aligned_frames/aligned_frame_3800.pdb,
frame_3804.pdb,2.061443989687188,33,False,0,True,aligned_frames/aligned_frame_3804.pdb,
frame_3808.pdb,1.9679395585762292,33,False,0,True,aligned_frames/aligned_frame_3808.pdb,
frame_3812.pdb,2.1899305753703078,33,False,0,True,aligned_frames/aligned_frame_3812.pdb,
frame_3816.pdb,0.7696559046485806,33,False,0,True,aligned_frames/aligned_frame_3816.pdb,
frame_3820.pdb,0.4950890063374198,33,False,0,True,aligned_frames/aligned_frame_3820.pdb,
frame_3824.pdb,1.2551203139122629,33,False,0,True,aligned_frames/aligned_frame_3824.pdb,
frame_3828.pdb,1.2551203139122629,33,False,0,True,aligned_frames/aligned_frame_3828.pdb,
frame_3832.pdb,3.5201145131412575,33,False,0,True,aligned_frames/aligned_frame_3832.pdb,
frame_3836.pdb,3.5201145131412575,33,False,0,True,aligned_frames/aligned_frame_3836.pdb,
frame_384.pdb,1.5850546803484247,33,False,0,True,aligned_frames/aligned_frame_384.pdb,
frame_3840.pdb,3.636371911328268,33,False,0,True,aligned_frames/aligned_frame_3840.pdb,
frame_3844.pdb,2.9071511760500472,33,False,0,True,aligned_frames/aligned_frame_3844.pdb,
frame_3848.pdb,2.117468306924198,33,False,0,True,aligned_frames/aligned_frame_3848.pdb,
frame_3852.pdb,2.9899253748018384,33,False,0,True,aligned_frames/aligned_frame_3852.pdb,
frame_3856.pdb,2.7029742990129813,33,False,0,True,aligned_frames/aligned_frame_3856.pdb,
frame_3860.pdb,2.079205998117479,33,False,0,True,aligned_frames/aligned_frame_3860.pdb,
frame_3864.pdb,2.2070401645148143,33,False,0,True,aligned_frames/aligned_frame_3864.pdb,
frame_3868.pdb,2.124141126803675,33,False,0,True,aligned_frames/aligned_frame_3868.pdb,
frame_3872.pdb,2.047938210839003,33,False,0,True,aligned_frames/aligned_frame_3872.pdb,
frame_3876.pdb,2.2261023478192263,33,False,0,True,aligned_frames/aligned_frame_3876.pdb,
frame_388.pdb,1.5261973113086318,33,False,0,True,aligned_frames/aligned_frame_388.pdb,
frame_3880.pdb,2.43927441359771,33,False,0,True,aligned_frames/aligned_frame_3880.pdb,
frame_3884.pdb,2.543154873628148,33,False,0,True,aligned_frames/aligned_frame_3884.pdb,
frame_3888.pdb,2.6577572284443356,33,False,0,True,aligned_frames/aligned_frame_3888.pdb,
frame_3892.pdb,2.5575569993355987,33,False,0,True,aligned_frames/aligned_frame_3892.pdb,
frame_3896.pdb,2.387467535013224,33,False,0,True,aligned_frames/aligned_frame_3896.pdb,
frame_3900.pdb,1.4154908386839236,33,False,0,True,aligned_frames/aligned_frame_3900.pdb,
frame_3904.pdb,1.3954944708898718,33,False,0,True,aligned_frames/aligned_frame_3904.pdb,
frame_3908.pdb,2.6330530559784577,33,False,0,True,aligned_frames/aligned_frame_3908.pdb,
frame_3912.pdb,3.5477419819404896,33,False,0,True,aligned_frames/aligned_frame_3912.pdb,
frame_3916.pdb,2.0407350169751464,33,False,0,True,aligned_frames/aligned_frame_3916.pdb,
frame_392.pdb,1.5445424630567823,33,False,0,True,aligned_frames/aligned_frame_392.pdb,
frame_3920.pdb,2.326857261259064,33,False,0,True,aligned_frames/aligned_frame_3920.pdb,
frame_3924.pdb,2.1218583074682185,33,False,0,True,aligned_frames/aligned_frame_3924.pdb,
frame_3928.pdb,2.4225990016054597,33,False,0,True,aligned_frames/aligned_frame_3928.pdb,
frame_3932.pdb,2.4225990016054597,33,False,0,True,aligned_frames/aligned_frame_3932.pdb,
frame_3936.pdb,1.9702672746550762,33,False,0,True,aligned_frames/aligned_frame_3936.pdb,
frame_3940.pdb,2.1066191958292997,33,False,0,True,aligned_frames/aligned_frame_3940.pdb,
frame_3944.pdb,1.3366348506419443,33,False,0,True,aligned_frames/aligned_frame_3944.pdb,
frame_3948.pdb,1.3366348506419443,33,False,0,True,aligned_frames/aligned_frame_3948.pdb,
frame_3952.pdb,1.4836734743039466,33,False,0,True,aligned_frames/aligned_frame_3952.pdb,
frame_3956.pdb,2.1610221090242163,33,False,0,True,aligned_frames/aligned_frame_3956.pdb,
frame_396.pdb,1.431266200860553,33,False,0,True,aligned_frames/aligned_frame_396.pdb,
frame_3960.pdb,2.2405267927289954,33,False,0,True,aligned_frames/aligned_frame_3960.pdb,
frame_3964.pdb,1.8545133828937064,33,False,0,True,aligned_frames/aligned_frame_3964.pdb,
frame_3968.pdb,1.8759053330290043,33,False,0,True,aligned_frames/aligned_frame_3968.pdb,
frame_3972.pdb,1.9960377443291726,33,False,0,True,aligned_frames/aligned_frame_3972.pdb,
frame_3976.pdb,2.44457357513064,33,False,0,True,aligned_frames/aligned_frame_3976.pdb,
frame_3980.pdb,2.094556564741632,33,False,0,True,aligned_frames/aligned_frame_3980.pdb,
frame_3984.pdb,2.094556564741632,33,False,0,True,aligned_frames/aligned_frame_3984.pdb,
frame_3988.pdb,2.1479538106233047,33,False,0,True,aligned_frames/aligned_frame_3988.pdb,
frame_3992.pdb,2.226945477542876,33,False,0,True,aligned_frames/aligned_frame_3992.pdb,
frame_3996.pdb,1.6659447750689187,33,False,0,True,aligned_frames/aligned_frame_3996.pdb,
frame_4.pdb,3.632559910795017e-15,33,False,0,True,aligned_frames/aligned_frame_4.pdb,
frame_40.pdb,0.9550430400535892,33,False,0,True,aligned_frames/aligned_frame_40.pdb,
frame_400.pdb,1.4202363865674692,33,False,0,True,aligned_frames/aligned_frame_400.pdb,
frame_404.pdb,1.7924495635107685,33,False,0,True,aligned_frames/aligned_frame_404.pdb,
frame_408.pdb,2.5914847171813236,33,False,0,True,aligned_frames/aligned_frame_408.pdb,
frame_412.pdb,2.0441928888498855,33,False,0,True,aligned_frames/aligned_frame_412.pdb,
frame_416.pdb,2.263873614704119,33,False,0,True,aligned_frames/aligned_frame_416.pdb,
frame_420.pdb,2.4268473780771176,33,False,0,True,aligned_frames/aligned_frame_420.pdb,
frame_424.pdb,2.067790106268937,33,False,0,True,aligned_frames/aligned_frame_424.pdb,
frame_428.pdb,2.1711927806566425,33,False,0,True,aligned_frames/aligned_frame_428.pdb,
frame_432.pdb,2.9123540736702047,33,False,0,True,aligned_frames/aligned_frame_432.pdb,
frame_436.pdb,2.094555852122745,33,False,0,True,aligned_frames/aligned_frame_436.pdb,
frame_44.pdb,1.875471771671844,33,False,0,True,aligned_frames/aligned_frame_44.pdb,
frame_440.pdb,2.525943654873945,33,False,0,True,aligned_frames/aligned_frame_440.pdb,
frame_444.pdb,4.162717114152421,33,False,0,True,aligned_frames/aligned_frame_444.pdb,
frame_448.pdb,2.2872213651173343,33,False,0,True,aligned_frames/aligned_frame_448.pdb,
frame_452.pdb,2.224046849804229,33,False,0,True,aligned_frames/aligned_frame_452.pdb,
frame_456.pdb,2.1513911996291397,33,False,0,True,aligned_frames/aligned_frame_456.pdb,
frame_460.pdb,2.946659421652643,33,False,0,True,aligned_frames/aligned_frame_460.pdb,
frame_464.pdb,2.8838222781735525,33,False,0,True,aligned_frames/aligned_frame_464.pdb,
frame_468.pdb,3.554694204240346,33,False,0,True,aligned_frames/aligned_frame_468.pdb,
frame_472.pdb,1.1976281649694782,33,False,0,True,aligned_frames/aligned_frame_472.pdb,
frame_476.pdb,2.3047891503976765,33,False,0,True,aligned_frames/aligned_frame_476.pdb,
frame_48.pdb,1.931643323923716,33,False,0,True,aligned_frames/aligned_frame_48.pdb,
frame_480.pdb,2.2402630582136913,33,False,0,True,aligned_frames/aligned_frame_480.pdb,
frame_484.pdb,3.351509993810477,33,False,0,True,aligned_frames/aligned_frame_484.pdb,
frame_488.pdb,1.941941409745822,33,False,0,True,aligned_frames/aligned_frame_488.pdb,
frame_492.pdb,2.240703524768525,33,False,0,True,aligned_frames/aligned_frame_492.pdb,
frame_496.pdb,2.271400151865119,33,False,0,True,aligned_frames/aligned_frame_496.pdb,
frame_500.pdb,2.271400151865119,33,False,0,True,aligned_frames/aligned_frame_500.pdb,
frame_504.pdb,2.2144079414453994,33,False,0,True,aligned_frames/aligned_frame_504.pdb,
frame_508.pdb,2.359072887849699,33,False,0,True,aligned_frames/aligned_frame_508.pdb,
frame_512.pdb,2.3612788770219284,33,False,0,True,aligned_frames/aligned_frame_512.pdb,
frame_516.pdb,2.3612788770219284,33,False,0,True,aligned_frames/aligned_frame_516.pdb,
frame_52.pdb,2.9438936166752088,33,False,0,True,aligned_frames/aligned_frame_52.pdb,
frame_520.pdb,2.1931977928532578,33,False,0,True,aligned_frames/aligned_frame_520.pdb,
frame_524.pdb,1.3680932908829937,33,False,0,True,aligned_frames/aligned_frame_524.pdb,
frame_528.pdb,2.941617450823314,33,False,0,True,aligned_frames/aligned_frame_528.pdb,
frame_532.pdb,2.995815115564355,33,False,0,True,aligned_frames/aligned_frame_532.pdb,
frame_536.pdb,2.785606602935077,33,False,0,True,aligned_frames/aligned_frame_536.pdb,
frame_540.pdb,3.067226570912587,33,False,0,True,aligned_frames/aligned_frame_540.pdb,
frame_544.pdb,3.3241876366834884,33,False,0,True,aligned_frames/aligned_frame_544.pdb,
frame_548.pdb,2.978613443983628,33,False,0,True,aligned_frames/aligned_frame_548.pdb,
frame_552.pdb,1.6725085025793556,33,False,0,True,aligned_frames/aligned_frame_552.pdb,
frame_556.pdb,1.6725085025793556,33,False,0,True,aligned_frames/aligned_frame_556.pdb,
frame_56.pdb,1.4812637533962452,33,False,0,True,aligned_frames/aligned_frame_56.pdb,
frame_560.pdb,1.4550728310651975,33,False,0,True,aligned_frames/aligned_frame_560.pdb,
frame_564.pdb,1.6219088425986168,33,False,0,True,aligned_frames/aligned_frame_564.pdb,
frame_568.pdb,3.080518540220082,33,False,0,True,aligned_frames/aligned_frame_568.pdb,
frame_572.pdb,3.080518540220082,33,False,0,True,aligned_frames/aligned_frame_572.pdb,
frame_576.pdb,2.195535172627846,33,False,0,True,aligned_frames/aligned_frame_576.pdb,
frame_580.pdb,2.195535172627846,33,False,0,True,aligned_frames/aligned_frame_580.pdb,
frame_584.pdb,2.164443218010398,33,False,0,True,aligned_frames/aligned_frame_584.pdb,
frame_588.pdb,3.220830823461057,33,False,0,True,aligned_frames/aligned_frame_588.pdb,
frame_592.pdb,3.0026092612645394,33,False,0,True,aligned_frames/aligned_frame_592.pdb,
frame_596.pdb,1.0573178751573964,33,False,0,True,aligned_frames/aligned_frame_596.pdb,
frame_60.pdb,1.5118811200011675,33,False,0,True,aligned_frames/aligned_frame_60.pdb,
frame_600.pdb,1.4421051698973943,33,False,0,True,aligned_frames/aligned_frame_600.pdb,
frame_604.pdb,2.3546155201815835,33,False,0,True,aligned_frames/aligned_frame_604.pdb,
frame_608.pdb,2.5689809288797725,33,False,0,True,aligned_frames/aligned_frame_608.pdb,
frame_612.pdb,3.3075957172984825,33,False,0,True,aligned_frames/aligned_frame_612.pdb,
frame_616.pdb,3.3075957172984825,33,False,0,True,aligned_frames/aligned_frame_616.pdb,
frame_620.pdb,3.2892893248306776,33,False,0,True,aligned_frames/aligned_frame_620.pdb,
frame_624.pdb,2.965145976012139,33,False,0,True,aligned_frames/aligned_frame_624.pdb,
frame_628.pdb,1.3786388464462103,33,False,0,True,aligned_frames/aligned_frame_628.pdb,
frame_632.pdb,1.8708132119140675,33,False,0,True,aligned_frames/aligned_frame_632.pdb,
frame_636.pdb,1.4353323959916289,33,False,0,True,aligned_frames/aligned_frame_636.pdb,
frame_64.pdb,1.5118811200011675,33,False,0,True,aligned_frames/aligned_frame_64.pdb,
frame_640.pdb,1.2184846369836575,33,False,0,True,aligned_frames/aligned_frame_640.pdb,
frame_644.pdb,2.2176423434490276,33,False,0,True,aligned_frames/aligned_frame_644.pdb,
frame_648.pdb,2.2992184924607386,33,False,0,True,aligned_frames/aligned_frame_648.pdb,
frame_652.pdb,2.222659220662769,33,False,0,True,aligned_frames/aligned_frame_652.pdb,
frame_656.pdb,2.234043909578672,33,False,0,True,aligned_frames/aligned_frame_656.pdb,
frame_660.pdb,2.2420165322452887,33,False,0,True,aligned_frames/aligned_frame_660.pdb,
frame_664.pdb,2.0164437000575797,33,False,0,True,aligned_frames/aligned_frame_664.pdb,
frame_668.pdb,2.274103980489951,33,False,0,True,aligned_frames/aligned_frame_668.pdb,
frame_672.pdb,2.403360914275125,33,False,0,True,aligned_frames/aligned_frame_672.pdb,
frame_676.pdb,2.392577434413632,33,False,0,True,aligned_frames/aligned_frame_676.pdb,
frame_68.pdb,3.161778922942923,33,False,0,True,aligned_frames/aligned_frame_68.pdb,
frame_680.pdb,2.2719222604400233,33,False,0,True,aligned_frames/aligned_frame_680.pdb,
frame_684.pdb,2.202869425813358,33,False,0,True,aligned_frames/aligned_frame_684.pdb,
frame_688.pdb,0.9252008270449222,33,False,0,True,aligned_frames/aligned_frame_688.pdb,
frame_692.pdb,2.4370645618663835,33,False,0,True,aligned_frames/aligned_frame_692.pdb,
frame_696.pdb,2.766489924189828,33,False,0,True,aligned_frames/aligned_frame_696.pdb,
frame_700.pdb,3.0409259253116736,33,False,0,True,aligned_frames/aligned_frame_700.pdb,
frame_704.pdb,1.4440466541510615,33,False,0,True,aligned_frames/aligned_frame_704.pdb,
frame_708.pdb,2.1897551289872697,33,False,0,True,aligned_frames/aligned_frame_708.pdb,
frame_712.pdb,1.4711345772685949,33,False,0,True,aligned_frames/aligned_frame_712.pdb,
frame_716.pdb,2.245387408909873,33,False,0,True,aligned_frames/aligned_frame_716.pdb,
frame_72.pdb,3.161778922942923,33,False,0,True,aligned_frames/aligned_frame_72.pdb,
frame_720.pdb,2.712782375890011,33,False,0,True,aligned_frames/aligned_frame_720.pdb,
frame_724.pdb,2.712782375890011,33,False,0,True,aligned_frames/aligned_frame_724.pdb,
frame_728.pdb,1.9391775792455812,33,False,0,True,aligned_frames/aligned_frame_728.pdb,
frame_732.pdb,2.391414364783646,33,False,0,True,aligned_frames/aligned_frame_732.pdb,
frame_736.pdb,2.541678634979007,33,False,0,True,aligned_frames/aligned_frame_736.pdb,
frame_740.pdb,2.9679668957054237,33,False,0,True,aligned_frames/aligned_frame_740.pdb,
frame_744.pdb,2.064896911870783,33,False,0,True,aligned_frames/aligned_frame_744.pdb,
frame_748.pdb,2.2367051319973963,33,False,0,True,aligned_frames/aligned_frame_748.pdb,
frame_752.pdb,2.3120354222853954,33,False,0,True,aligned_frames/aligned_frame_752.pdb,
frame_756.pdb,2.438371636260447,33,False,0,True,aligned_frames/aligned_frame_756.pdb,
frame_76.pdb,3.2786542064331075,33,False,0,True,aligned_frames/aligned_frame_76.pdb,
frame_764.pdb,42.21415886723812,33,False,0,True,aligned_frames/aligned_frame_764.pdb,
frame_768.pdb,2.3059485076166983,33,False,0,True,aligned_frames/aligned_frame_768.pdb,
frame_772.pdb,2.3916386822747655,33,False,0,True,aligned_frames/aligned_frame_772.pdb,
frame_776.pdb,2.139699926937705,33,False,0,True,aligned_frames/aligned_frame_776.pdb,
frame_780.pdb,3.316533661319077,33,False,0,True,aligned_frames/aligned_frame_780.pdb,
frame_784.pdb,2.225162700182303,33,False,0,True,aligned_frames/aligned_frame_784.pdb,
frame_788.pdb,1.4555821204085522,33,False,0,True,aligned_frames/aligned_frame_788.pdb,
frame_792.pdb,1.9926487312026075,33,False,0,True,aligned_frames/aligned_frame_792.pdb,
frame_796.pdb,2.109795614488594,33,False,0,True,aligned_frames/aligned_frame_796.pdb,
frame_8.pdb,2.810808443008211,33,False,0,True,aligned_frames/aligned_frame_8.pdb,
frame_80.pdb,1.5020307814163512,33,False,0,True,aligned_frames/aligned_frame_80.pdb,
frame_800.pdb,2.081919508183461,33,False,0,True,aligned_frames/aligned_frame_800.pdb,
frame_804.pdb,2.1956494841710956,33,False,0,True,aligned_frames/aligned_frame_804.pdb,
frame_808.pdb,2.1532958509341706,33,False,0,True,aligned_frames/aligned_frame_808.pdb,
frame_812.pdb,1.6048965216855307,33,False,0,True,aligned_frames/aligned_frame_812.pdb,
frame_816.pdb,1.6048965216855307,33,False,0,True,aligned_frames/aligned_frame_816.pdb,
frame_820.pdb,4.119192807387985,33,False,0,True,aligned_frames/aligned_frame_820.pdb,
frame_824.pdb,1.801791143204065,33,False,0,True,aligned_frames/aligned_frame_824.pdb,
frame_828.pdb,2.2511600074915408,33,False,0,True,aligned_frames/aligned_frame_828.pdb,
frame_832.pdb,2.216049359244315,33,False,0,True,aligned_frames/aligned_frame_832.pdb,
frame_836.pdb,3.1014951848701346,33,False,0,True,aligned_frames/aligned_frame_836.pdb,
frame_84.pdb,2.3700446860990607,33,False,0,True,aligned_frames/aligned_frame_84.pdb,
frame_840.pdb,3.4813153008965743,33,False,0,True,aligned_frames/aligned_frame_840.pdb,
frame_844.pdb,3.2451291333266545,33,False,0,True,aligned_frames/aligned_frame_844.pdb,
frame_848.pdb,1.7772417278717476,33,False,0,True,aligned_frames/aligned_frame_848.pdb,
frame_852.pdb,0.9263456780744156,33,False,0,True,aligned_frames/aligned_frame_852.pdb,
frame_856.pdb,1.257274645202252,33,False,0,True,aligned_frames/aligned_frame_856.pdb,
frame_860.pdb,1.913170265348775,33,False,0,True,aligned_frames/aligned_frame_860.pdb,
frame_864.pdb,1.5247716363024955,33,False,0,True,aligned_frames/aligned_frame_864.pdb,
frame_868.pdb,1.4664773015668768,33,False,0,True,aligned_frames/aligned_frame_868.pdb,
frame_872.pdb,1.3865709178550962,33,False,0,True,aligned_frames/aligned_frame_872.pdb,
frame_876.pdb,1.3865709178550962,33,False,0,True,aligned_frames/aligned_frame_876.pdb,
frame_88.pdb,2.128315279598474,33,False,0,True,aligned_frames/aligned_frame_88.pdb,
frame_880.pdb,3.6379560287895503,33,False,0,True,aligned_frames/aligned_frame_880.pdb,
frame_884.pdb,2.6607465258210348,33,False,0,True,aligned_frames/aligned_frame_884.pdb,
frame_888.pdb,2.5306093756498687,33,False,0,True,aligned_frames/aligned_frame_888.pdb,
frame_892.pdb,2.857223919148793,33,False,0,True,aligned_frames/aligned_frame_892.pdb,
frame_896.pdb,2.782696078839275,33,False,0,True,aligned_frames/aligned_frame_896.pdb,
frame_900.pdb,2.5449301349519486,33,False,0,True,aligned_frames/aligned_frame_900.pdb,
frame_908.pdb,46.626529381139584,33,False,0,True,aligned_frames/aligned_frame_908.pdb,
frame_912.pdb,0.9927852668784893,33,False,0,True,aligned_frames/aligned_frame_912.pdb,
frame_916.pdb,3.1707813642883553,33,False,0,True,aligned_frames/aligned_frame_916.pdb,
frame_92.pdb,2.4316678266837863,33,False,0,True,aligned_frames/aligned_frame_92.pdb,
frame_920.pdb,2.7669504165866186,33,False,0,True,aligned_frames/aligned_frame_920.pdb,
frame_924.pdb,1.3563606094423701,33,False,0,True,aligned_frames/aligned_frame_924.pdb,
frame_928.pdb,1.5705217736529709,33,False,0,True,aligned_frames/aligned_frame_928.pdb,
frame_932.pdb,1.3000766244479092,33,False,0,True,aligned_frames/aligned_frame_932.pdb,
frame_936.pdb,1.2928070273554837,33,False,0,True,aligned_frames/aligned_frame_936.pdb,
frame_940.pdb,3.2091290588664747,33,False,0,True,aligned_frames/aligned_frame_940.pdb,
frame_944.pdb,2.6520900427451766,33,False,0,True,aligned_frames/aligned_frame_944.pdb,
frame_948.pdb,3.118405413707125,33,False,0,True,aligned_frames/aligned_frame_948.pdb,
frame_952.pdb,1.1736150728934949,33,False,0,True,aligned_frames/aligned_frame_952.pdb,
frame_956.pdb,1.5285379075318721,33,False,0,True,aligned_frames/aligned_frame_956.pdb,
frame_96.pdb,2.3467019143964474,33,False,0,True,aligned_frames/aligned_frame_96.pdb,
frame_960.pdb,1.5285379075318721,33,False,0,True,aligned_frames/aligned_frame_960.pdb,
frame_964.pdb,1.2320055252273723,33,False,0,True,aligned_frames/aligned_frame_964.pdb,
frame_968.pdb,1.9129317079871027,33,False,0,True,aligned_frames/aligned_frame_968.pdb,
frame_972.pdb,2.4890070616692,33,False,0,True,aligned_frames/aligned_frame_972.pdb,
frame_976.pdb,2.4890070616692,33,False,0,True,aligned_frames/aligned_frame_976.pdb,
frame_980.pdb,2.74666241088258,33,False,0,True,aligned_frames/aligned_frame_980.pdb,
frame_984.pdb,3.0012467163856673,33,False,0,True,aligned_frames/aligned_frame_984.pdb,
frame_988.pdb,3.2392680119054873,33,False,0,True,aligned_frames/aligned_frame_988.pdb,
frame_992.pdb,3.963049852469679,33,False,0,True,aligned_frames/aligned_frame_992.pdb,
